name,rating,category,address,source,region
해주냉면,3.5,냉면,"서울 송파구 백제고분로7길 8-16 1층
(지번) 잠실동 195-9",kakaomap,서울
해담채 강남점,3.9,한정식,"서울 강남구 논현로85길 70 역삼823빌딩 지하1층
(지번) 역삼동 823-16",kakaomap,서울
농민백암순대 본점,4.5,국밥,"서울 강남구 선릉로86길 40-4 알앤지타운 1층
(지번) 대치동 896-33",kakaomap,서울
명동교자 본점,3.5,분식,"서울 중구 명동10길 29 1층
(지번) 명동2가 25-36",kakaomap,서울
명인밥상,3.6,한정식,"서울 송파구 송이로 157 지하1층
(지번) 가락동 124-21",kakaomap,서울
대가방 본점,3.2,중국요리,"서울 강남구 봉은사로 333 1층 101~102호
(지번) 논현동 278-4",kakaomap,서울
아방궁,3.7,중국요리,"서울 강남구 역삼로1길 18 2층
(지번) 역삼동 831-32",kakaomap,서울
진주회관,3.3,국수,"서울 중구 세종대로11길 26 1층
(지번) 서소문동 120-35",kakaomap,서울
파이프그라운드 한남,3.9,피자,"서울 용산구 한남대로27길 66 지하1층
(지번) 한남동 727-21",kakaomap,서울
갯마을 한강로점,3.2,한식,"서울 용산구 서빙고로 56 1층
(지번) 한강로3가 65-550",kakaomap,서울
오죽이네,4.2,닭요리,"서울 종로구 돈화문로11가길 25
(지번) 익선동 156",kakaomap,서울
명동교자 이태원점,3.9,분식,"서울 용산구 녹사평대로 136
(지번) 이태원동 34-149",kakaomap,서울
핏제리아오,4.6,피자,"서울 종로구 동숭길 86 2-3층
(지번) 동숭동 31-37",kakaomap,서울
만배아리랑,4.0,"족발,보쌈","서울 강서구 화곡로18길 24 강서뉴타워 1층 111,113호
(지번) 화곡동 1071-19",kakaomap,서울
진중 우육면관 본점,4.4,중식,"서울 종로구 청계천로 75-2 1-2층
(지번) 관철동 11-11",kakaomap,서울
해운대암소갈비집,3.2,갈비,"부산 해운대구 해운대해변로 333 1층
(지번) 중동 1225-1",kakaomap,부산
이재모피자 본점,4.4,피자,"부산 중구 광복중앙로 31 중앙아파트 상가 2층
(지번) 신창동1가 2-1",kakaomap,부산
합천일류돼지국밥 사상점,3.5,국밥,"부산 사상구 광장로 34 1층
(지번) 괘법동 565-6",kakaomap,부산
영진돼지국밥 본점,4.3,국밥,"부산 사하구 하신번영로157번길 39 1층
(지번) 신평동 628-6",kakaomap,부산
본전돼지국밥,3.5,국밥,"부산 동구 중앙대로214번길 3-8 1층
(지번) 초량동 1200-6",kakaomap,부산
초량밀면,3.3,국수,"부산 동구 중앙대로 225 1층
(지번) 초량동 363-2",kakaomap,부산
모모스커피 부산본점,4.3,커피전문점,"부산 금정구 오시게로 20 1층
(지번) 부곡동 873-98",kakaomap,부산
수변최고돼지국밥 민락본점,4.1,국밥,"부산 수영구 광안해변로370번길 9-32 1층
(지번) 민락동 110-54",kakaomap,부산
풍원장시골밥상집,2.6,한식,"부산 기장군 기장읍 기장해안로 250 1층
(지번) 기장읍 시랑리 108-7",kakaomap,부산
언양불고기 부산집,3.5,"불고기,두루치기","부산 수영구 남천바다로 32 1층
(지번) 남천동 3-9",kakaomap,부산
해목,4.1,일식,"부산 해운대구 구남로24번길 8 1층
(지번) 우동 542-30",kakaomap,부산
거대갈비,4.2,갈비,"부산 해운대구 달맞이길 22
(지번) 중동 1139-4",kakaomap,부산
금수복국 해운대본점,3.9,복어,"부산 해운대구 중동1로43번길 23 1-3층
(지번) 중동 1394-65",kakaomap,부산
오복돼지국밥,4.1,국밥,"부산 해운대구 구남로 15 1층
(지번) 우동 618-13",kakaomap,부산
국제밀면 본점,3.9,국수,"부산 연제구 중앙대로1235번길 23-6 1층
(지번) 거제동 242-23",kakaomap,부산
동아식당,3.3,국수,"대구 중구 국채보상로125길 14 1층
(지번) 공평동 10-1",kakaomap,대구
리안,4.0,중국요리,"대구 수성구 교학로4길 48 1층
(지번) 만촌동 855-18",kakaomap,대구
테라스스시뷔페,3.3,해산물뷔페,"대구 달서구 와룡로 169 대우월드마크웨스트앤드 103동 상가 2층
(지번) 감삼동 461",kakaomap,대구
샤브20 수성못점,3.4,샤브샤브,"대구 수성구 무학로 83
(지번) 두산동 175-1",kakaomap,대구
가원식당,4.5,한식,"대구 동구 팔공산로199길 6-3 1-2층
(지번) 용수동 35-1",kakaomap,대구
미성당납작만두 본점,2.8,분식,"대구 중구 명덕로 93 1층
(지번) 남산동 2267-34",kakaomap,대구
군위이로운한우,3.6,"육류,고기","대구 군위군 효령면 간동유원지길 14
(지번) 효령면 성리 715-1",kakaomap,대구
앞산주택,3.8,이탈리안,"대구 남구 현충로1길 16 1-2층
(지번) 대명동 526-32",kakaomap,대구
광명반점,3.8,중식,"대구 북구 칠성로 70-1 1층
(지번) 칠성동2가 350-20",kakaomap,대구
르폴뒤,3.8,디저트카페,"대구 중구 동성로1길 26
(지번) 덕산동 124-29",kakaomap,대구
금이옥,4.4,갈비,"대구 중구 국채보상로143길 2
(지번) 동인동4가 71",kakaomap,대구
헤이마,3.8,디저트카페,"대구 동구 파계로 573 1-2층
(지번) 중대동 525",kakaomap,대구
옹기보리밥곤지곤지 앞산점,3.8,한식,"대구 남구 앞산순환로 465-1
(지번) 대명동 540-19",kakaomap,대구
신라식당,3.8,한식,"대구 중구 중앙대로 406-10 1층
(지번) 남일동 90",kakaomap,대구
미남장어 수성점,3.8,장어,"대구 수성구 들안로 56
(지번) 두산동 138-11",kakaomap,대구
조양방직,3.4,갤러리카페,"인천 강화군 강화읍 향나무길5번길 12 1층
(지번) 강화읍 신문리 587",kakaomap,인천
마니산산채,3.6,한식,"인천 강화군 화도면 해안남로 1182
(지번) 화도면 사기리 391",kakaomap,인천
양자강,4.7,중국요리,"인천 중구 용유서로 494 1층
(지번) 을왕동 860",kakaomap,인천
남동공단떡볶이,3.6,떡볶이,"인천 남동구 남동서로 226 공단공구상가 1층
(지번) 논현동 450",kakaomap,인천
밥상편지,3.7,한식,"인천 연수구 하모니로 124 송도타운 3층
(지번) 송도동 8-19",kakaomap,인천
선녀풍 2호점,2.7,회,"인천 중구 용유서로 386
(지번) 을왕동 779-1",kakaomap,인천
신승반점 본점,4.1,중국요리,"인천 중구 차이나타운로44번길 31-3
(지번) 북성동2가 11-32",kakaomap,인천
토크라피,4.0,카페,"인천 강화군 화도면 해안남로1691번길 43-12 2동
(지번) 화도면 동막리 184-2",kakaomap,인천
진복호,3.5,"해물,생선","인천 강화군 길상면 해안남로 496-6
(지번) 길상면 선두리 1069-2",kakaomap,인천
동해막국수,3.3,국수,"인천 중구 용유서로479번길 16
(지번) 을왕동 859-3",kakaomap,인천
쿠우쿠우 부평점,4.0,해산물뷔페,"인천 부평구 부흥로 264 동아웰빙타운 9층
(지번) 부평동 529-40",kakaomap,인천
경인궁,4.1,갈비,"인천 미추홀구 미추홀대로 646 1-2층
(지번) 주안동 456-6",kakaomap,인천
고목정쌈밥,3.4,쌈밥,"인천 중구 용유서로172번길 10 1층
(지번) 을왕동 241",kakaomap,인천
차덕분,4.2,카페,"인천 중구 은하수로 12 구읍뱃터프라자 8층 801~ 803호
(지번) 중산동 1948-1",kakaomap,인천
카페 메르디,3.8,카페,"인천 옹진군 영흥면 선재로 354 1-2층
(지번) 영흥면 선재리 636-10",kakaomap,인천
낙선재,3.2,한정식,"경기 광주시 남한산성면 불당길 101
(지번) 남한산성면 불당리 194-1",kakaomap,광주
카페산,3.6,커피전문점,"경기 광주시 남한산성면 검복길 82 1-2층
(지번) 남한산성면 검복리 297-7",kakaomap,광주
통보장어마을,3.2,장어,"경기 광주시 장지9길 47 나동 1층
(지번) 장지동 455-1",kakaomap,광주
장지리막국수,3.9,국수,"경기 광주시 고불로 7 1층
(지번) 중대동 28-52",kakaomap,광주
시래마루 곤지암점,3.9,한식,"경기 광주시 곤지암읍 경충대로 661 1층
(지번) 곤지암읍 삼리 24",kakaomap,광주
맛있는 발효밥상 궁뜰 화담 숲 맛집 곤지암 맛집,3.9,,"경기 광주시 도척면 궁평하천길 38
(지번) 도척면 궁평리 2-5",kakaomap,광주
부영장어,4.6,장어,"경기 광주시 고불로 73-75 1층
(지번) 태전동 261-60",kakaomap,광주
오라운트로스터리카페,4.4,디저트카페,"경기 광주시 양벌로 320-4 1층
(지번) 양벌동 602-12",kakaomap,광주
용마루,4.6,닭요리,"경기 광주시 남한산성면 남한산성로780번길 35 1층
(지번) 남한산성면 산성리 699",kakaomap,광주
수양농장가든,4.8,"육류,고기","경기 광주시 곤지암읍 경충대로295번길 110-3
(지번) 곤지암읍 수양리 618-1",kakaomap,광주
두메산골,3.4,오리,"경기 광주시 남한산성면 불당길37번길 66-7
(지번) 남한산성면 불당리 340",kakaomap,광주
동동국수 본점,4.2,국수,"경기 광주시 곤지암읍 도척로 20
(지번) 곤지암읍 삼리 33-2",kakaomap,광주
고미꽃시래,3.9,한식,"경기 광주시 오포로 141-5 1층 (리치마트 뒷편 골프존건물 1층, 대형주차장완비)
(지번) 능평동 145-9",kakaomap,광주
위베이크 남한산성,3.2,"제과,베이커리","경기 광주시 남한산성면 남한산성로 59-3
(지번) 남한산성면 광지원리 5-3",kakaomap,광주
포사이,4.2,베트남음식,"경기 광주시 퇴촌면 정영로 574
(지번) 퇴촌면 도수리 89-8",kakaomap,광주
성심당 본점,4.6,"제과,베이커리","대전 중구 대종로480번길 15 1-2층
(지번) 은행동 145-1",kakaomap,대전
성심당 대전역점,4.1,"제과,베이커리","대전 동구 중앙로 215 2층
(지번) 정동 1-1",kakaomap,대전
오문창순대국밥,3.6,순대,"대전 대덕구 한밭대로 1153
(지번) 중리동 203-2",kakaomap,대전
원조태평소국밥 본관,4.3,국밥,"대전 유성구 온천동로65번길 50 1층
(지번) 봉명동 682-2",kakaomap,대전
원조태평소국밥 본점,4.1,국밥,"대전 중구 태평로 116-1 1층
(지번) 태평동 375-4",kakaomap,대전
오씨칼국수,4.0,칼국수,"대전 동구 옛신탄진로 13 1층
(지번) 삼성동 304-36",kakaomap,대전
성심당 DCC점,4.4,"제과,베이커리","대전 유성구 엑스포로 107 1층
(지번) 도룡동 4-19",kakaomap,대전
대선칼국수,3.6,칼국수,"대전 서구 둔산중로40번길 28 오성빌딩 2층
(지번) 둔산동 1440",kakaomap,대전
광천식당,3.0,"불고기,두루치기","대전 중구 대종로505번길 29 1-2층
(지번) 선화동 52-2",kakaomap,대전
원미면옥,3.5,냉면,"대전 동구 옥천로 419
(지번) 비룡동 557",kakaomap,대전
온천손칼국수쭈꾸미,3.8,칼국수,"대전 유성구 온천북로 61
(지번) 봉명동 690-4",kakaomap,대전
땡큐베리머치,3.9,디저트카페,"대전 중구 중교로 49 지하1층, 1층
(지번) 대흥동 250-2",kakaomap,대전
현대식당,4.1,닭요리,"대전 중구 중앙로130번길 37-10 1층
(지번) 대흥동 224",kakaomap,대전
진로집,3.1,"불고기,두루치기","대전 중구 중교로 45-5
(지번) 대흥동 314-1",kakaomap,대전
상무초밥 둔산직영점,3.9,"초밥,롤","대전 서구 둔산로31번길 66 다송빌딩 1층
(지번) 둔산동 1002",kakaomap,대전
언양기와집불고기,3.6,한식,"울산 울주군 언양읍 헌양길 86
(지번) 언양읍 서부리 13",kakaomap,울산
농도,4.3,카페,"울산 울주군 상북면 명촌길천로 23 1층
(지번) 상북면 등억알프스리 454-39",kakaomap,울산
울산언양불고기,4.3,"육류,고기","울산 남구 월평로 205 1,2층
(지번) 삼산동 1505-3",kakaomap,울산
호피폴라,4.0,카페,"울산 울주군 서생면 나사해안길 6
(지번) 서생면 신암리 43-1",kakaomap,울산
언양진미불고기,3.7,"육류,고기","울산 울주군 삼남읍 중평로 33
(지번) 삼남읍 교동리 1597-7",kakaomap,울산
한가위,4.1,"육류,고기","울산 북구 진장유통로 43
(지번) 진장동 1049-5",kakaomap,울산
진미불고기,3.8,"불고기,두루치기","울산 울주군 언양읍 동문길 47
(지번) 언양읍 동부리 253-4",kakaomap,울산
카페벼리,4.4,디저트카페,"울산 동구 물목길 20 1~3층
(지번) 주전동 703-2",kakaomap,울산
가지산언양불고기,3.7,"불고기,두루치기","울산 울주군 언양읍 헌양길 96
(지번) 언양읍 서부리 37-4",kakaomap,울산
헤이메르,3.5,카페,"울산 울주군 서생면 잿골길 72 1동 1층
(지번) 서생면 진하리 26",kakaomap,울산
누마루,4.4,오리,"울산 남구 대학로169번길 2
(지번) 무거동 340-7",kakaomap,울산
시래담,3.9,한식,"울산 울주군 삼남읍 등억알프스로 50 1,2층
(지번) 삼남읍 교동리 1713-10",kakaomap,울산
아니마 울산점,3.3,이탈리안,"울산 남구 왕생로66번길 13
(지번) 달동 1353-6",kakaomap,울산
솔밭,4.0,"육류,고기","울산 중구 함월20길 65
(지번) 성안동 374-1",kakaomap,울산
보쌈집 울산본점,4.0,"족발,보쌈","울산 남구 왕생로 29 1층
(지번) 달동 1266-10",kakaomap,울산
산장가든,2.9,갈비,"세종특별자치시 연서면 도신고복로 1131-7 1-2층
(지번) 연서면 고복리 32",kakaomap,세종
돈스,3.9,"돈까스,우동","세종특별자치시 조치원읍 돌마루7길 6
(지번) 조치원읍 서창리 291-10",kakaomap,세종
육산,3.7,"육류,고기","세종특별자치시 시청대로 209 금강르네상스 3층 308~315호
(지번) 보람동 710",kakaomap,세종
이도커피 본점,3.6,카페,"세종특별자치시 금남면 금남구즉로 152
(지번) 금남면 호탄리 248-4",kakaomap,세종
부강옥 본점,4.0,순대,"세종특별자치시 부강면 부강외천로 103 1층
(지번) 부강면 문곡리 1069-1",kakaomap,세종
용댕이매운탕,3.2,"매운탕,해물탕","세종특별자치시 연동면 태산로 163-6
(지번) 연동면 명학리 102",kakaomap,세종
장원갑칼국수 세종본점,4.3,한식,"세종특별자치시 조치원읍 허만석1로 32 2층
(지번) 조치원읍 번암리 73-14",kakaomap,세종
충남순대국밥,4.0,순대,"세종특별자치시 금남면 용포로 97-11 1층
(지번) 금남면 용포리 203-2",kakaomap,세종
1972송은정보리밥 본점,4.2,한식,"세종특별자치시 조치원읍 세종로 2427 1층
(지번) 조치원읍 침산리 45-5",kakaomap,세종
큰집뼈대있는짬뽕,4.1,중국요리,"세종특별자치시 노을3로 19 첫마을2단지 상가동 1층 119호
(지번) 한솔동 940",kakaomap,세종
란이,3.5,중식,"세종특별자치시 갈매로 564
(지번) 도담동 862",kakaomap,세종
빠스타스,3.7,양식,"세종특별자치시 달빛로 43 금강빌딩 1층 & 4층
(지번) 종촌동 668",kakaomap,세종
명품순두부,4.1,두부전문점,"세종특별자치시 조치원읍 허만석로 67 1층
(지번) 조치원읍 번암리 59-1",kakaomap,세종
들풀숯불갈비&메밀막국수 세종직영점,3.8,,"세종특별자치시 금남면 금남구즉로 228
(지번) 금남면 장재리 561-2",kakaomap,세종
대왕해물손칼국수 세종조치원점,4.2,칼국수,"세종특별자치시 연서면 도신고복로 913 1층
(지번) 연서면 고복리 442-2",kakaomap,세종
장어의꿈,4.2,장어,"경기 남양주시 순화궁로 492-6 1층
(지번) 별내동 2184-76",kakaomap,경기
갈릴리농원 본관,3.9,장어,"경기 파주시 탄현면 방촌로 1196 1층
(지번) 탄현면 낙하리 4-1",kakaomap,경기
보나리베,3.9,"제과,베이커리","경기 남양주시 불암산로39번길 9-2 1-2층
(지번) 별내동 719-2",kakaomap,경기
더티트렁크,2.9,양식,"경기 파주시 지목로 114 1층
(지번) 문발동 75-6",kakaomap,경기
카페대너리스 북한강지점,3.8,카페,"경기 남양주시 조안면 북한강로 914 1-2층
(지번) 조안면 삼봉리 200-18",kakaomap,경기
청초수물회 속초본점,3.8,회,"강원특별자치도 속초시 엑스포로 12-36
(지번) 조양동 1555-1",kakaomap,강원
테라로사 커피공장 강릉본점,3.6,커피전문점,"강원특별자치도 강릉시 구정면 현천길 7 1-2층
(지번) 구정면 어단리 산 314",kakaomap,강원
바다정원,3.6,커피전문점,"강원특별자치도 고성군 토성면 버리깨길 23
(지번) 토성면 용촌리 75-36",kakaomap,강원
속초항아리물회,3.7,회,"강원특별자치도 속초시 해오름로188번길 11 1-3층
(지번) 조양동 1442-11",kakaomap,강원
카페감자밭 본점,3.8,카페,"강원특별자치도 춘천시 신북읍 신샘밭로 674 1-2층
(지번) 신북읍 천전리 99-13",kakaomap,강원
테라로사 경포호수점,3.6,커피전문점,"강원특별자치도 강릉시 난설헌로 145
(지번) 포남동 933",kakaomap,강원
동화가든,3.5,두부전문점,"강원특별자치도 강릉시 초당순두부길77번길 15 1층
(지번) 초당동 309-1",kakaomap,강원
학곡리막국수닭갈비,3.8,닭요리,"강원특별자치도 춘천시 공지로 29 1-2층
(지번) 석사동 116-32",kakaomap,강원
봉포머구리집,2.8,회,"강원특별자치도 속초시 영랑해안길 223
(지번) 영랑동 148-30",kakaomap,강원
엄지네포장마차 본점,4.1,실내포장마차,"강원특별자치도 강릉시 경강로2255번길 21 엄지빌딩 1층
(지번) 포남동 1155",kakaomap,강원
88생선구이,3.0,"해물,생선","강원특별자치도 속초시 중앙부두길 71 1층
(지번) 중앙동 468-55",kakaomap,강원
칠성조선소,3.6,카페,"강원특별자치도 속초시 중앙로46번길 45 1-2층
(지번) 교동 664-110",kakaomap,강원
감나무식당,3.6,"해물,생선","강원특별자치도 양양군 양양읍 안산1길 73-6 1층
(지번) 양양읍 월리 154-1",kakaomap,강원
만석닭강정 엑스포본점,2.9,닭강정,"강원특별자치도 속초시 청초호반로 72 1층
(지번) 조양동 1549-2",kakaomap,강원
대청마루,4.2,두부전문점,"강원특별자치도 속초시 관광로 430
(지번) 노학동 980-52",kakaomap,강원
카페산,4.0,카페,"충북 단양군 가곡면 두산길 196-86 카페산
(지번) 가곡면 사평리 246-33",kakaomap,충북
메밀마당 충주중앙탑본점,4.2,국수,"충북 충주시 중앙탑면 중앙탑길 103
(지번) 중앙탑면 탑평리 42",kakaomap,충북
청풍황금떡갈비,4.1,한식,"충북 제천시 청풍면 청풍호로 1682
(지번) 청풍면 북진리 317",kakaomap,충북
뜰이있는집,4.0,한식,"충북 제천시 하소천길 176
(지번) 신월동 1163-38",kakaomap,충북
게으른악어,3.4,카페,"충북 충주시 살미면 월악로 927 1층
(지번) 살미면 신당리 533",kakaomap,충북
가연,3.9,"육류,고기","충북 단양군 단양읍 삼봉로 87 1층
(지번) 단양읍 상진리 567",kakaomap,충북
두꺼비식당 본점,3.2,갈비,"충북 제천시 의림대로20길 21 1층
(지번) 중앙로2가 72-7",kakaomap,충북
덩실분식,3.9,"제과,베이커리","충북 제천시 독순로6길 5
(지번) 의림동 46-7",kakaomap,충북
장다리마늘약선,3.8,한정식,"충북 단양군 단양읍 삼봉로 370 1-2층
(지번) 단양읍 별곡리 28-1",kakaomap,충북
커피단월,3.6,커피전문점,"충북 충주시 충원대로 55
(지번) 단월동 130-13",kakaomap,충북
청풍황금송어,3.7,회,"충북 제천시 금성면 청풍호로39길 25
(지번) 금성면 성내리 173",kakaomap,충북
청주 대산보리밥,4.0,한식,"충북 청주시 서원구 성화로69번길 43-23 1층
(지번) 죽림동 62-1",kakaomap,충북
청풍떡갈비,3.2,갈비,"충북 제천시 금성면 청풍호로 1643 1동
(지번) 금성면 성내리 192",kakaomap,충북
보리곳간,4.1,한식,"충북 단양군 가곡면 사평3길 6-1 1층
(지번) 가곡면 사평리 482-15",kakaomap,충북
부부농장 문의시내점,3.9,삼겹살,"충북 청주시 상당구 문의면 대청호반로 834-1
(지번) 문의면 미천리 114-166",kakaomap,충북
해어름,3.2,카페,"충남 당진시 신평면 매산해변길 144
(지번) 신평면 매산리 29-10",kakaomap,충남
뚜쥬루 돌가마점,4.1,"제과,베이커리","충남 천안시 동남구 풍세로 706
(지번) 구룡동 564-27",kakaomap,충남
꽁당보리밥 배방점,4.4,한식,"충남 아산시 배방읍 갈매길 159-39 1동 2층
(지번) 배방읍 북수리 278-31",kakaomap,충남
강경해물칼국수,4.0,칼국수,"충남 논산시 강경읍 계백로147번길 7 1층
(지번) 강경읍 대흥리 56-8",kakaomap,충남
대천가자조개구이,4.2,조개,"충남 보령시 해수욕장8길 49
(지번) 신흑동 2272-10",kakaomap,충남
장원막국수,3.4,국수,"충남 부여군 부여읍 나루터로62번길 20 1층
(지번) 부여읍 구교리 8-1",kakaomap,충남
알바노,2.9,카페,"충남 논산시 가야곡면 산노1길 79-12
(지번) 가야곡면 산노리 232-29",kakaomap,충남
영인산마루,4.2,한식,"충남 아산시 영인면 아산온천로 16-8
(지번) 영인면 아산리 102-2",kakaomap,충남
피탕김탕 본점,3.8,중국요리,"충남 공주시 한적2길 47-5 1층
(지번) 금흥동 616-5",kakaomap,충남
목화반점,3.7,중국요리,"충남 아산시 온주길26번길 7-3 1층
(지번) 읍내동 151-3",kakaomap,충남
황토집사람들,4.1,한정식,"충남 금산군 진산면 태고사로 444 1층
(지번) 진산면 두지리 296-16",kakaomap,충남
나문재카페,4.2,카페,"충남 태안군 안면읍 통샘길 87-340
(지번) 안면읍 창기리 209-509",kakaomap,충남
오양식당,3.5,한식,"충남 보령시 옥마역길 77 1층
(지번) 명천동 750",kakaomap,충남
내당한우,4.0,"육류,고기","충남 홍성군 홍성읍 아문길52번길 6
(지번) 홍성읍 오관리 393-2",kakaomap,충남
미식가,4.4,한식,"충남 태안군 태안읍 정주내3길 16-5 1층
(지번) 태안읍 동문리 897-8",kakaomap,충남
이성당 본점,3.6,"제과,베이커리","전북특별자치도 군산시 중앙로 177 1층
(지번) 중앙로1가 12-2",kakaomap,전북
한일옥,3.5,한식,"전북특별자치도 군산시 구영3길 63 1층
(지번) 신창동 2-1",kakaomap,전북
복성루,3.2,중국요리,"전북특별자치도 군산시 월명로 382 1층
(지번) 미원동 332",kakaomap,전북
호남각,3.3,한정식,"전북특별자치도 전주시 덕진구 시천로 65
(지번) 송천동2가 560-5",kakaomap,전북
전주왱이콩나물국밥전문점,4.0,국밥,"전북특별자치도 전주시 완산구 동문길 88 1층
(지번) 경원동2가 12-1",kakaomap,전북
화심순두부 본점,3.6,한식,"전북특별자치도 완주군 소양면 전진로 1051 1층
(지번) 소양면 화심리 532-1",kakaomap,전북
태백칼국수,3.7,칼국수,"전북특별자치도 익산시 중앙로 15-1 1층
(지번) 중앙동1가 52-3",kakaomap,전북
지린성,2.9,중국요리,"전북특별자치도 군산시 미원로 87 1층
(지번) 미원동 78",kakaomap,전북
일송정,3.5,갈비,"전북특별자치도 전주시 완산구 중화산로 49
(지번) 중화산동2가 441-1",kakaomap,전북
조점례남문피순대,3.4,순대,"전북특별자치도 전주시 완산구 풍남문2길 39 5동 117~119호
(지번) 전동3가 2-240",kakaomap,전북
째보식당 본점,3.4,"해물,생선","전북특별자치도 군산시 구영3길 70 1,2층
(지번) 신창동 49-6",kakaomap,전북
베테랑,2.8,국수,"전북특별자치도 전주시 완산구 경기전길 135
(지번) 교동 84-10",kakaomap,전북
진갈비,4.0,갈비,"전북특별자치도 군산시 구영1길 108-7 1층
(지번) 영화동 15-14",kakaomap,전북
백송회관,3.4,한식,"전북특별자치도 전주시 완산구 기린대로 177
(지번) 서노송동 568-133",kakaomap,전북
장미칼국수 본점,3.6,칼국수,"전북특별자치도 군산시 큰샘길 26 1층
(지번) 죽성동 28-6",kakaomap,전북
모이핀 오션점,3.8,커피전문점,"전남 여수시 돌산읍 무술목길 50
(지번) 돌산읍 평사리 1273-5",kakaomap,전남
나주곰탕하얀집,3.8,곰탕,"전남 나주시 금성관길 6-1 1층
(지번) 중앙동 48-17",kakaomap,전남
한일관,3.2,한정식,"전남 여수시 봉산2로 32
(지번) 봉산동 179-2",kakaomap,전남
바다김밥 중앙본점,4.0,분식,"전남 여수시 통제영5길 10-4 1층
(지번) 중앙동 667",kakaomap,전남
여수당,3.5,"제과,베이커리","전남 여수시 중앙로 72 1-2층
(지번) 중앙동 779",kakaomap,전남
코롬방제과점,3.2,"제과,베이커리","전남 목포시 영산로75번길 7 1,2층
(지번) 무안동 1-3",kakaomap,전남
원조두꺼비게장,3.4,"게,대게","전남 여수시 봉산남3길 12
(지번) 봉산동 270-2",kakaomap,전남
청정게장촌,4.3,"게,대게","전남 여수시 봉산남4길 23-32 1층
(지번) 봉산동 273-36",kakaomap,전남
나눌터,4.3,한식,"전남 순천시 팔마1길 4 1층
(지번) 연향동 1673-3",kakaomap,전남
삼대광양불고기집,3.8,"불고기,두루치기","전남 광양시 광양읍 서천1길 52
(지번) 광양읍 칠성리 959-11",kakaomap,전남
장터 본점,3.2,"게,대게","전남 목포시 영산로40번길 23 1층
(지번) 중동1가 1-17",kakaomap,전남
낭만24포차,4.5,실내포장마차,"전남 여수시 하멜로 78 1층 3호
(지번) 종화동 458",kakaomap,전남
담양애꽃,4.1,한정식,"전남 담양군 봉산면 죽향대로 723
(지번) 봉산면 기곡리 293-1",kakaomap,전남
쌍교숯불갈비 담양본점,4.2,갈비,"전남 담양군 봉산면 송강정로 212
(지번) 봉산면 양지리 2",kakaomap,전남
하당먹거리,3.8,"해물,생선","전남 목포시 신흥로 98 1층
(지번) 옥암동 1004",kakaomap,전남
향화정,4.0,한식,"경북 경주시 사정로57번길 17 1층
(지번) 사정동 7",kakaomap,경북
영양숯불갈비,3.7,갈비,"경북 경주시 봉황로 79 1층
(지번) 서부동 76",kakaomap,경북
황남빵,4.1,"제과,베이커리","경북 경주시 태종로 783 황남빵
(지번) 황오동 347-1",kakaomap,경북
맷돌순두부,3.2,두부전문점,"경북 경주시 북군길 7 1층
(지번) 북군동 229-1",kakaomap,경북
엄마밥상,3.0,한식,"경북 칠곡군 동명면 팔공산로 157 1층
(지번) 동명면 기성리 651",kakaomap,경북
김태주선산곱창 구미본점,3.7,"곱창,막창","경북 구미시 송원서로 77 1층
(지번) 원평동 1037-68",kakaomap,경북
마라도회식당,3.5,회,"경북 포항시 북구 해안로 217-1 2층
(지번) 두호동 158",kakaomap,경북
환여횟집,3.6,회,"경북 포항시 북구 해안로 189-1
(지번) 두호동 190-9",kakaomap,경북
강구항대게직판장 이오,4.1,"게,대게","경북 영덕군 강구면 강구대게길 45
(지번) 강구면 강구리 552",kakaomap,경북
교리김밥 경주본점,2.6,분식,"경북 경주시 탑리3길 2 1층
(지번) 탑동 400-1",kakaomap,경북
포갈집,4.1,갈비,"경북 포항시 북구 삼호로 213-1 1층
(지번) 두호동 1039-2",kakaomap,경북
대화식당,4.2,한식,"경북 포항시 북구 죽도시장11길 6-7 죽도시장 1층
(지번) 죽도동 2-219",kakaomap,경북
일직식당,3.6,"해물,생선","경북 안동시 경동로 676 1층
(지번) 운흥동 176-20",kakaomap,경북
아덴 보문호수점,3.6,디저트카페,"경북 경주시 한국관광1번로 34
(지번) 신평동 719-143",kakaomap,경북
벤자마스,3.6,카페,"경북 경주시 알천북로 369 A동 1-2층
(지번) 동천동 160-1",kakaomap,경북
하주옥 진주냉면,3.6,냉면,"경남 사천시 사남면 하동길 8-11
(지번) 사남면 유천리 17-1",kakaomap,경남
하연옥 본점,2.7,냉면,"경남 진주시 진주대로 1317-20 2층
(지번) 이현동 1191",kakaomap,경남
동피랑전복마을,4.5,"굴,전복","경남 통영시 해송정2길 29 대풍관 2층
(지번) 동호동 175",kakaomap,경남
진주냉면 산홍 본점,4.0,냉면,"경남 진주시 금산면 금산로 62 1층
(지번) 금산면 중천리 415-2",kakaomap,경남
천황식당,3.3,한식,"경남 진주시 촉석로207번길 3
(지번) 대안동 4-1",kakaomap,경남
삼천포맛집정서방,3.1,"해물,생선","경남 사천시 진삼로 269 1층
(지번) 신벽동 527",kakaomap,경남
남해동천식당,4.2,한식,"경남 남해군 삼동면 동부대로 1286
(지번) 삼동면 동천리 1029-1",kakaomap,경남
대박난맛집 학동점,4.2,"해물,생선","경남 거제시 동부면 거제대로 910
(지번) 동부면 학동리 545-1",kakaomap,경남
대풍관,4.0,"굴,전복","경남 통영시 해송정2길 29 1층
(지번) 동호동 175",kakaomap,경남
황포냉면,3.3,냉면,"경남 진주시 호탄길34번길 10
(지번) 호탄동 639-1",kakaomap,경남
동부회센타,4.1,회,"경남 창원시 진해구 천자로 5 2-3층
(지번) 이동 400-3",kakaomap,경남
거제카페 온더선셋,3.4,카페,"경남 거제시 사등면 성포로 65 1-3층
(지번) 사등면 성포리 390-2",kakaomap,경남
한꼬막두꼬막,3.0,"해물,생선","경남 거제시 일운면 지세포로 122 1층
(지번) 일운면 지세포리 776-5",kakaomap,경남
외도널서리,3.4,카페,"경남 거제시 일운면 구조라로4길 21
(지번) 일운면 구조라리 415-5",kakaomap,경남
혜성식당,3.9,한식,"경남 하동군 화개면 화개로 48
(지번) 화개면 탑리 626-5",kakaomap,경남
중문수두리보말칼국수,4.5,칼국수,"제주특별자치도 서귀포시 천제연로 192 1층
(지번) 중문동 2056-2",kakaomap,제주
이춘옥의원조고등어쌈밥,4.0,쌈밥,"제주특별자치도 제주시 애월읍 일주서로 7213 1층
(지번) 애월읍 하귀1리 266-1",kakaomap,제주
원앤온리,3.8,카페,"제주특별자치도 서귀포시 안덕면 산방로 141
(지번) 안덕면 사계리 86",kakaomap,제주
뽈살집 제주본점,4.4,"육류,고기","제주특별자치도 서귀포시 중정로91번길 41 1층
(지번) 서귀동 278-3",kakaomap,제주
연돈,3.7,"돈까스,우동","제주특별자치도 서귀포시 색달로 10 2층
(지번) 색달동 2132-2",kakaomap,제주
델문도,3.2,카페,"제주특별자치도 제주시 조천읍 조함해안로 519-10 1층
(지번) 조천읍 함덕리 1008-1",kakaomap,제주
도토리키친 본점,4.0,국수,"제주특별자치도 제주시 북성로 59 1층
(지번) 삼도이동 1158-1",kakaomap,제주
애월더선셋,3.2,카페,"제주특별자치도 제주시 애월읍 일주서로 6111 A동 1층
(지번) 애월읍 곽지리 1381",kakaomap,제주
아침미소목장,4.2,카페,"제주특별자치도 제주시 첨단동길 160-30
(지번) 월평동 2",kakaomap,제주
더클리프,3.3,카페,"제주특별자치도 서귀포시 중문관광로 154-17
(지번) 색달동 2950-4",kakaomap,제주
카페나모나모,4.2,디저트카페,"제주특별자치도 제주시 도두봉6길 4 1~4층
(지번) 도두일동 1732-9",kakaomap,제주
미쁜제과,3.1,디저트카페,"제주특별자치도 서귀포시 대정읍 도원남로 16
(지번) 대정읍 신도리 2349-13",kakaomap,제주
안녕전복,4.7,"굴,전복","제주특별자치도 제주시 오일장중길 89-16
(지번) 도두일동 1355",kakaomap,제주
미영이네 본점,4.3,회,"제주특별자치도 서귀포시 대정읍 하모항구로 42 1층
(지번) 대정읍 하모리 770-29",kakaomap,제주
다정이네 올레시장본점,4.0,한식,"제주특별자치도 서귀포시 동문로 59-1 1층
(지번) 서귀동 255-7",kakaomap,제주
