,,,,,,
,,,,,,
,,,,,,
,,,,,,
지역,도시명,음식종류,대표메뉴,식당상호,포털 검색명,추천사유
강원도,강릉,매운탕,망치 매운탕,시골식당,강릉 시골식당,강원도도 동해안에서만 나는 망치어종으로 만든 매운탕이며 시원한맛과 밑반찬인 오징어 젓갈이 일품인집이며 현지인들이 추천하는 맛집입니다.
강원도,강릉,멍게비빔밥/물회,멍게비빔밥,제주 해인물회,강릉제주해인물회,해녀출신 사장님이 직접 멍게를 숙성하여 전복과 어울어진 비빔밥과 물회가 유명한 맛집입니다.
강원도,강릉,분식,분식,여고시절 카레 떡볶이,여고시절 카레 떡볶이,학창시절의 추억을 떠오르게 하는 분식집(가격이 많이 오름)
강원도,강릉,분식,분식,옛빙그레,옛빙그레,쫄사리와 김밥이 맛있는집
강원도,강릉,양식,모짜렐라 치즈버거,폴앤메리,강릉 폴앤멜리,강릉가면 무조건 가서 먹는 수제버거집입니다.
강원도,강릉,중식,짬뽕,이만구교동짬뽕,이만구교동짬뽕,교동 짬봉의 원조 집(지금 교동 짬뽕으로 알려진 집은 다른 사장이 인수 한집)
강원도,강릉,"칼국수,만두",장칼국수,현대장칼국수,강릉현대장칼국수,"가격도 저렴하고 맛보장! 백종원3대천왕,생방송투데이 맛집방송"
강원도,강릉,커피,커피,테라로사,테라로사 커피공장,핸드 드립으로 유명한 카페
강원도,강릉,한식,백반,9남매집,9남매집,어머니가 해주시는 집밥을 먹을 수 있는집
강원도,강릉,한식,꼬막무침,강릉전집,강릉전집,엄지네 포장마차의 꼬막 무침 버금가는 꼬막 무침의 숨겨진 맛집
강원도,강릉,한식,조개구이,달선이네 조개마당,달선이네 조개 마당,강릉에서 유일하게 조개 구이를 먹을 수 있는집
강원도,강릉,한식,소고기멸치국수/회비빔국수,오월에초당,오월에초당,멸치육수로낸 국수가 일품이며 가오리회무침이 들어간 비빔국수를 드실수있는 곳입니다.
강원도,강릉,한식,물회,장안횟집,장안횟집,물회와 미역국이 절묘한 만남이 있는집
강원도,강릉,한식,칼국수,청송 칼국수,청송 칼국수,진정한 강릉의 장 칼국수를 맛 볼수 있는집
강원도,강릉,한식,우럭미역국,태광식당,옛 태광 식당,"해장으로 탁월한 우럭 미역국, 밑반찬도 맛남"
강원도,강릉,한식,두부,토담순두부,토담순두부,두부 전골/백반이 유명한집
강원도,강릉,한식,모듬회,해마루,해마루,회로 승부 보는 맛집/스끼다시도 엄청남(강릉에서 뜨는 맛집)
강원도,강릉,횟집,회,건도리 횟집,강릉건도리 횟집,경포바다를 보며 이자까야식 및회를 맛볼수있는 횟집이며 사이드메뉴 및 회를 깔끔하게 드실수 있는 곳
강원도,고성군,한식,막국수/편육,동루골 막국수,동루골 막국수,"시원한 막국수, 담백한 편육, 정부회장님 방문할 정도"
강원도,고성군,한식,물회,부부물회,부부물회,"자연산 회, 항구 근처로 이전 하였으며 교회옆에 있는 곳이 진짜 맛집임"
강원도,동해,삼겹살,대패 삼겹살,장군 시오야기,동해 장군 시오야끼,대패 삼겹살과 파저리의 절묘한 만남
강원도,동해,일식,소바,소복소복,소복소복,새우 튀김 소바가 유명한집
강원도,동해,중식,짬뽕,덕취원,덕취원,동해 북평시장과 함께한 80년 전통의 중화 요리 전문점
강원도,동해,한식,칼국수,대우칼국수,동해 대우 칼국수,소문난 동해 장 칼국수 맛집
강원도,동해,한식,물회/모듬회,동북횟집,동북횟집,당일 잡은 생선으로 만 요리 / 동해 시민도 믿고 먹는 집
강원도,동해,한식,막국수,동원막국수,동해 동원막국수,막국수와 수육이 일품
강원도,동해,한식,물회,부흥회집,부흥횟집,물회가 맛있고 바로 앞에 동해 바다가 있음
강원도,동해,한식,모듬회,선창 횟집,선창횟집,모든 회가 자연산/예약만 하면 식사를 하면서 바다를 볼 수 있음(어달항 앞)
강원도,동해,한식,오리주물럭,소나무식당,소나무식당,오리 주물럭이 환상적이고 집에서 먹는 집밥 맛임
강원도,동해,한식,청국장,유정청국장,동해 유정청국장,"15가지 이상의 밑반찬, 맛깔스러운 청국장이 일품"
강원도,동해,한식,자연산 해산물,주유소,이주민 상가 주유소,"그날 그날 잡은 해산물로 요리, 매일 메뉴가 조금씩 다름"
강원도,동해,한식,설렁탕,한우 설렁탕,한우 설렁탕,든든한 보양식과 같이 설렁탕/9시에서4시까지 영업함
강원도,동해,한식,해천탕,홍대포,홍대포,"문어와 닭, 해물이 푸짐하게 들어간 해천탕이 있는집,(TV 많이 나옴)"
강원도,속초,한식,모듬생선찜,이모네 생선찜,속초 이모네 생선찜,각종 생선찜을 먹을 수 있으며 맛도 양도 푸짐하게 즐길수 있음
강원도,속초,한식,산채비빔밥,점봉산 산채,점봉산 산채,점봉산에서 자생하는 약초로 만들어 신선함
강원도,양양군,한식,섭국,오산횟집,오산횟집,"자연산 섭, 해장에 탁월"
강원도,원주,한식,알탕,까치둥지,까치둥지 알탕,알과 내장이 푸짐하여 술안주 해장에 정말 좋음
강원도,원주,한식,콩국수,봉창이칼국수,봉창이샤브샤브,여름별미로 직접 콩을갈아 걸죽하고 고소한 맛이 일품
강원도,원주,한식,말이고기,산정집,원주 산정집,박순례 손 말이고기 본점이고 유명맛집이라 예약은 필수입니다.
강원도,원주,한식,순두부,수가성,수가성순두부,얼큰해서 해장에 일품
강원도,원주,한식,추어탕,원주복추어탕,원주복추어탕,50년 전통의 추어탕집이며 전국적으로 매우 유명하고 맛도 일품인 맛집임
강원도,원주,한식,낙지,착한낙지,착한낙지,낙지 볶음이 밥도둑
강원도,춘천,닭갈비,막국수,샘밭 닭갈비 막국수,춘천 샘밭 닭갈비 막국수,전통막국수를 맛볼수 있는곳 
강원도,춘천,닭갈비,숯불닭불고기,원조숯불닭불고기,춘천 원조 숯불닭불고기,숯불로 먹는 닭불고기의 끝판왕
강원도,춘천,닭갈비,닭갈비,통나무집 닭갈비,춘천통나무집 닭갈비,오랜 전통으로 맛집으로 유명
강원도,춘천,베이커리,버터크림빵,대원당,춘천 대원당,버터크림빵이 인기있는 50년 전통 춘천 지역명물 베이커리
강원도,춘천,중화요리,짬뽕,몽짬뽕,춘천몽짬뽕,국물맛이 끝내주는 짬뽕의 맛
강원도,춘천,커피,아메리카노,어스17,춘천 earth 17,배경 및 야경이 멋짐
강원도,춘천,한식,닭 불고기,원조 숯불 닭불고기집,원조 숯불 닭불고기집,"춘천 닭갈비로 유명하나 또 다른 닭고기 요리를 맛 볼수 있음, 매콤한 닭불고기 양념을 숯불에 구어 먹으며 닭갈비와는 또다른 맛을 볼수 있음"
강원도,태백,중식,짬뽕,태성각,태백 태성각,해장에 최고
강원도,태백,한식,막국수/수육,강산막국수,강산막국수,막국수와 수육은 물론이고 녹두 부침이 정말 맛남
강원도,태백,한식,생선찜,고갈두,초막 고갈두,"고등어, 갈치, 두부 조림을 한번에 맛 볼수 있는집"
강원도,태백,한식,곱창,미친곱창,미친곱창,곱창 먹고 난뒤의 볶음밥은 최고
강원도,태백,한식,한우,배달실비,,
강원도,태백,한식,소고기,으뜸한우,으뜸한우,태백 지역만의 특유의 소고기로 반찬도 깔끔하고 맛있어서 현지인들이 자주 찾는 맛집 입니다.
강원도,태백,한식,물닭갈비,태백닭갈비,태백닭갈비,태백 지역만의 특유의 물닭갈비로 가격이 저렴하여 현지인들이 자주 찾는 맛집 입니다.
강원도,평창,한식,옹심이칼국수,이촌쉼터,이촌쉼터,가격이 너무너무 아름다운 가격이며 양과 맛은 1.5배입니다.
경기도,가평군,백숙/장어/송어회/매운탕,매운탕/장어/백숙,강마루,삼회리 강마루,음식도 정갈하고 모든음식이 맛있다는 점 !! 신랑이 백숙을 먹고 신세계를 맛보았습니다. 장어는 간장소스 소금으로 다른집과 다른 고급스러움과 청평호 바라보며 먹는 식사란 말할것도 없이 GOOD 입니다 ^^
경기도,고양시,분식,즉석떡볶이,오락즉석떡볶이,라페스타 떡볶이,국물떡볶이 맛집 직접 만들어 먹는 신선한 재료의 맛집
경기도,고양시,양식,파스타,더 비스트로 조선,더 비스트로 조선,한식과 양식의 퓨젼요리로 분위기 있는 곳에서 식사하고 싶을때 좋음.
경기도,고양시,양식,쌀국수,소이연남,소이연남,스타필드 고양 맛집
경기도,고양시,양식,햄버거,쉐이크쉑,쉐이크쉑,스타필드 고양맛집 맛있는버거
경기도,고양시,일식,참치회,마구로야,마구로야,가격대비 평이 좋음
경기도,고양시,일식,초밥,만원의행복초밥,만원의행복초밥,덕이동 숨은 초밥 맛집으로 가성비가 좋음
경기도,고양시,일식,참치회,설참치 백석직영점,일산 설참치,"기본이상의 맛과 친철함, 2인~6인까지 다양한 룸이 있음."
경기도,고양시,일식,초밥,스시윤,스시윤,일반 스시집에 비해 선도도 좋고 맛있음.
경기도,고양시,일식,소바,청사초롱1970,청사초롱1970,"100% 메밀로 만든 소바, 메밀의 고소한 맛을 느낄수 있음."
경기도,고양시,일식,"돈가스, 소바",호천당,일산 호천당,"저렴한 세트메뉴와 두툼한 돈가스, 맛있는 소바"
경기도,고양시,중식,짬뽕,바른짬뽕,바른짬뽕,"무거운 육수의 깊은 맛, 짬뽕에 계란 후라이가 올라가는 특이한 짬뽕"
경기도,고양시,중식,짬뽕,뿅에전설,뿅에전설,"100% 수제면으로 짜장,짬뽕,탕수육이 대표메뉴임"
경기도,고양시,중식,짜장면,장가계,장가계,수타손짜장맛집
경기도,고양시,퓨전,홍꼬탕,비어힐,탄현 동네맛집 비어힐,"탄현주민들에게 정말 인기 많고, 자주 찾는 숨은 맛집"
경기도,고양시,한식,"돼지국밥, 밀면",가야밀면돼지국밥,가야밀면돼지국밥,부산에 돼지국밥과 밀면집보다 맛있는 집
경기도,고양시,한식,아구찜,경남식당,경남식당,고양시 아구찜 맛집
경기도,고양시,한식,물냉면,고자리 냉면,원당 냉면,"오이가 많이 들어간 냉면 맛집, 양많이! 외치면 곱빼기는 공짜"
경기도,고양시,한식,청국장,구산정,일산 맛집,일산 인근 청국장 넘버원 식당으로 소문난곳
경기도,고양시,한식,굴국밥,굴토리,굴토리,해장에는 이보다 없다!!
경기도,고양시,한식,갈비,나들목,덕이동 나들목,"돼지갈비의 부드럽고 깊은 맛!, 밑반찬도 일품!"
경기도,고양시,한식,양념꼬막,단이네 벌교꼬막,일산 벌교꼬막,"꼬막의 신세계를 맛볼 수 있고, 볶음밥을 추가요."
경기도,고양시,한식,칼국수,대가 칼국수,탄현동 대가칼국수,여름에 시원한 냉초계칼국수로 동네에서 인기 많은 맛집
경기도,고양시,한식,순두부/콩국수/보쌈,두리원,일산두리원,깔끔담백 맛있어요/ 100% 국산콩과 이미 수요미식회로 유명한집 강추
경기도,고양시,한식,돼지갈비,마이갈비,탄현 마이갈비,넉넉한 양과 수제 갈비가 맛있는 집
경기도,고양시,한식,삼겹살,맛찬들,라페스타 맛찬들,"와사비와 삼겹살의 조화, 매일 웨이팅이 있는 맛집"
경기도,고양시,한식,소갈비살,먹쇠,일산 먹쇠,저렴한 가격으로 소고기를 푸짐하게 맛볼 수 있는 맛집
경기도,고양시,한식,족발,백년족발,백년족발,"족발과 치킨, 짬뽕까지 주는 가성비좋은 족발집"
경기도,고양시,한식,게국지/간장게장,별미진미,별미진미,맛집방송 소개 및 소문난 지역 맛집
경기도,고양시,한식,"해물파전,고기전",숫돌골,삼송역 육전,해물이 엄청많이 들어간 두툼한 해물파전
경기도,고양시,한식,,신호등 장작구이,,장국구이
경기도,고양시,한식,냉면,아리랑면옥,아리랑면옥,덕이동 대표 냉면짐으로 갈비찜도 맛있음
경기도,고양시,한식,코다리냉면,오실장 강남면옥,일산냉면 오실장,"코다리냉면, 매운 갈비찜이 입에서 살살 녹는 맛집"
경기도,고양시,한식,닭 칼국수,일산교자,원당일산교자,원래 상호 일산칼국수에서 변경된 맛집 
경기도,고양시,한식,족발,장충동 한양할머니 족발,장충동 한양할머니 족발,"돼지특유의 냄새가 없고, 대형룸이 있어 단체회식에 적합"
경기도,고양시,한식,삼겹살,제주도야지삼송점,제주도야지삼송점,흑돼지 삼겹살 맛집
경기도,고양시,한식,"삼겹살, 조개찜",제주오라방,신원동 제주오라방,삼겹살과 조개찜을 같이 먹을수 있는 맛집
경기도,고양시,한식,칼국수/칼제비,종가집칼국수,일산 종가집칼국수,20년 현지인 보증 최고의 맛을 느낄 수 있는 진한 멸치 칼국수
경기도,고양시,한식,털레기,주막,덕이동 주막,연예인이 운영하는곳으로 보리밥과 수제비(털레기)가 대표메뉴임
경기도,고양시,한식,,지라산 어탕국수,,어탕국수
경기도,고양시,한식,해장국,철원 양평해장국,장항동 해장국,"일산에서 최고의 해장국, 장항 업체들이 식사로 제일 많이 가는 맛집"
경기도,고양시,한식,"양평해장국,곱창전골",철원양평해장국,원당 양평해장국,해장국도 맛있지만 매콤한 곱창전골이 일품
경기도,고양시,한식,,최현숙 족발보쌈,,족발/보쌈
경기도,고양시,한식,추어탕,추어정,추어정,영양식으로 남녀노소/ 추어탕 추어튀김등 맛이좋아 단골손님이 많음
경기도,고양시,한식,순대국,태기산순대국,태기산순대국,먹어본 순대국중에 가장 맛있는 랭킹 1위 맛집
경기도,고양시,한식,냉면,팔당냉면,대화동 팔당쌈냉면,더운여른 시원한 냉면과 직화구이의 환상적인 조합
경기도,고양시,한식,해물찜,허육도,허육도,싱싱한 해물로 요리하여 언제나 사람이 많은 허육도 추천
경기도,고양시,한식,갈비살,화로구이,화로구이,야채쌈을 무한으로 먹을수 있는 덕이동 대표 갈비집
경기도,고양시,한식,갈비,화전 분재원,화전분재원,돼지갈비의 부드럽고 깊은 맛
경기도,고양시,한식,부대찌게,훼미리부대찌게,훼미리부대찌게,"모던한디자인,깊은맛,청결,가성비 굿!"
경기도,광명시,한식,뼈다귀해장국,참이맛 뼈다귀,소하동 참이맛 뼈다귀,24시간 영업 고기가 부드럽고 맛있음 
경기도,광명시 ,한식,두루치기,돼지집,소하동 돼지집,
경기도,광명시 ,한식,고기,아침목장,가학동 아침목장,
경기도,광명시 ,한식,돼지갈비,충현갈비,소하동 충현갈비,전국 10대 갈비 2호점 저념한 가격의 냉면 서비스 돼지갈비 강츄
경기도,광주,한식,보리밥정식,들밥,광주들밥,"건강한 보리밥상과 산채정식,제육볶음과 생선구이가 일품,주변풍경과 시원한 정원에서 힐링"
경기도,광주,한식,소고기,먹보한우 광주점,먹보한우 광주점,광주에 갈때가 많이 없지만 맛있고 항상 사람들이 많음
경기도,광주시,"생생한 생등심, 왕갈비탕","생생한 생등심, 왕갈비탕",먹보한우 광주점,먹보한우 광주점,저온숙성 방식으로 지역주민 선호도 높음
경기도,광주시,양꼬치,"양꼬치, 양갈비",램브로 광주본점,램브로 광주본점,저렴한 가격과 지역 대표적인 맛집
경기도,광주시,"칼국수, 손만두국","칼국수, 손만두국",유주희 손만두국,유주희 손만두국,시원한 육수와 수타면으로 지역주민 선호도 높음
경기도,구리,분식,국물떡볶이,벅시분식,구리 벅시분식,생활의 달인에도 출연한 숨겨진 맛집! 떡볶이의 맛에 놀라고 가격에 놀랍니다.
경기도,구리,한식,부대찌개,미성식당,구리 미성식당,식사시간때 늘 줄서서 먹는 부대찌개 식당!! 양많은 사리와 끝내주는 국물!! 진정한 밥도둑입니다
경기도,구리,한식,오겹살,정진식당,구리 정진식당,엄청난 두께의 제주오겹살! 직원들이 직접 구워주고 정진식당 특제 젓갈에 찍어먹으면 아주그냥..
경기도,구리,한식,소곱창,토평 돌소곱창,토평 돌소곱창,"다 구워져서 나오는 소곱창, 부추와 함께 싸먹으면 없던 입맛도 생깁니다. 볶음밥도 예술"
경기도,구리시,한식,동태탕,시골식당,구리 동태탕 시골식당,"저렴한 가격,푸짐한 양,깔끔한 반찬"
경기도,군포시,베이커리,어니언킹/밀크프랑스,홍종흔 베이커리,홍종흔 베이커리,"한옥건축물을 개조한 고즈넉한 분위기에 쉼터도 많고, 명장이 직접 만든 특별한 빵들을 맛볼수 있음"
경기도,군포시,"설렁탕,수육,보쌈제육",설렁탕,군포식당,군포설렁탕맛집 군포식당,군포식당은 50년동안 설렁탕을 판매하는 집으로 백파 홍성유선생이 인정한 맛집이며 미식가들이 즐겨 찾는곳
경기도,김포,한식,홍어,남도식당,남도식당or 호프랑소주랑,"신선한 재료와 푸짐한 상차림,홍어코와 홍어애가 서비스~"
경기도,김포,한식,갈비탕,설반,설반,"신갈탕이라는 매운 갈비탕이 주메뉴,큼직한 갈비대 그대로 양도푸짐"
경기도,김포,한식,장어,양촌리 민물장어,김포 양촌리 민물장어,장어의 사이즈가 아나콘다~장어탕도 일품
경기도,김해시,한식,"육회비빔밥, 전골",하동한우국밥,하동한우국밥,깔끔하고 푸짐한 양과 함께 신선한 재료를 바탕으로 식사 및 안주용으로 최고!!!
경기도,남양주,한식,곱창전골,도농 병천 토종순대,도농병천토종순대,곱창전골이 정말 예술입니다. 끝내주는 국물과 엄청난 양의 고기들 최고입니다.
경기도,남양주시,콩탕,황태두부전골,고모네 콩탕,코모네 콩탕,"가격대비 가성비가 매우 높고 맛, 질에서 최고 맛집"
경기도,남양주시,한식,두부전골,천마산 손두부,천마산 손두부,주변 경치와 공기가 남다르고 직접 만드는 손두부로 맛두 일품~!
경기도,덕소,한식,숯불고기,덕소숯불고기,덕소숯불고기,석쇠로 구워 불향 가득 
경기도,별내,양식,스테이크,스테이크나인,스테이크나인,합리적인 가격에 분위기가 좋음
경기도,별내,한식,석쇠불고기,목향원,별내 목향원,풍경이 좋으며 삼색밥 또한 이색적임
경기도,별내동,한식,"해물칼국수, 낙지볶음",한송 칼국수,별내 한송칼국수,한옥 건물이 멋스러우며 칼국수 맛 또한 깔끔하며 별내에서는 유명한 맛집입니다.
경기도,부천시,보양식,삼계탕,고봉삼계탕,고봉삼계탕,"상황,한방 삼계탕등 국물이 진하고 깊이있음"
경기도,부천시,한식,짜글이,미쓰발랑코,중동 미쓰발랑코,"3대째 운영하고 있는 짜글이 가게로, 짜글이에 사용할 고기를 선택할 수 있으며, 짜글이 익히는 시간,
 즉 골든타임 12분이 생명인 맛집"
경기도,부천시,한식,해물찜,바닷가 왕해물찜,부천 해물찜,부천 해물맛집 
경기도,부천시,한식,삼겹살,엉터리 생고기 무한리필,중동 엉터리생고기 무한리필,1인 1만원 정도의 저렴한 가격에 무한리필되는 가성비 최고의 삼겹살과 샐러드바 제공
경기도,부천시,한식,제육볶음,제주도야지 김치전골(다랑치마을),중동 다랑치마을,"메뉴는 단순하지만, 제육볶음이 맛있어서 단골층이 많고, 밑반찬도 맛있어서
 밥 한끼하기에 좋음"
경기도,부천시,한식,보쌈,중동 다온황제해물문어보쌈,중동 다온황제해물문어보쌈,"해물과 보쌈 그리고 문어를 다함께 맛볼 수 있으며, 가족들과 즐기기에 적합함"
경기도,부천시,한식,장어,풍천민물장어 천장어 ,천장어 작동점,"직판장으로 가격이 다른 장어가게보다 2/3정도 수준으로 저렴하고, 대기열이 조금만 늦으면 오래 기다려야
 먹을 수 있을 정도로 많은 사람들이 찾는 곳"
경기도,산본,한식,쪽파곱창,먹방촌,산본 먹방촌,곱창에 쪽파가 들어간 맛집
경기도,산본,한식,동해골뱅이,왕통골뱅이,산본골뱅이,국물이 끝내주는 집
경기도,산본,한식,칼국수/수제비,홍두깨 칼국수,산본홍두깨칼국수,가성비 최고 칼국수/수제비 맛집
경기도,성남,한식,칼국수,대머리 칼국수,대머리 칼국수,바지락 칼국수와 닭한마리 칼국수가 정말 맛있는 맛집으로 성남에서 대머리 칼국수 모르면 간첩입니다!
경기도,성남,한식,빈대떡,동래파전,성남동래파전,"20년동안 자리잡은 맛집,빈대떡이 일품"
경기도,성남,한식,닭볶음탕,아지트,성남아지트,매운맛을 좋아하는 분들에게 강추!!꽃게가 들어간 닭볶음탕
경기도,성남,한식,해물찜,오늘손칼국수앤찜,성남오늘손칼국수,방송에도 나온 맛집. 신흥동에서 안가본사람이 없다는 식당
경기도,성남,한식,유황오리,풍경돌판구이,성남 풍경돌판구이,몸에좋은 오리고기를 야외에서 즐기고 마지막에 누른밥치즈말이가 압권
경기도,성남시,오리구이,"오리돌판구이 , 치즈야채누룽지",풍경오리돌판구미,태평동 풍경오리돌판구이,남녀노소 누구나 즐길수 있고 치즈야채누룽지를 만드는 과정이 재미있음
경기도,성남시,한식당,두부전문점,두향,두향,분당의 맛집에 선정되었으며 손두부의 유통기한은 24시간이며 엄선된 국내산 100%를 사용함
경기도,수원,한식,코다리,개성명가(집),광교 개성집,매콤하고 단백한맛
경기도,수원,한식,해천탕,문어스토리해천 본점,광교 해천,추운날 시원한 국물및 보양식으로 좋음
경기도,수원시,한식,추어탕,송담추어탕,송담추어탕 송담본점,뼈도 씹히지 않고 구수하고 담백한 맛
경기도,수원시 영통구,한식,추어탕,정담명가 남원추어탕,정담명가 남원추어탕,원천동 맛집 맛도 좋고 건강에도 좋은 영양만점의 추어탕집 추천
경기도,수원시 이의동,"두루치기, 김치찌개","두루치기, 김치찌개",돈가네 옛날김치찌개,광교 돈가네,가격대비 맛이 좋아 인근 직장인들이 많이 찾는 집
경기도,시흥시,육류,"족발,보쌈",장충당,장충당 시화정왕점,당일 직접 삶아 당일 판매해서 더욱더 맛있는 장충당 족발
경기도,시흥시,육류,갈비,전설갈비 두산점,전설갈비 두산점,"신기하게도 아파트 단지내에 있으며, 기본 밑반찬(양파장아찌, 나물, 샐러드 등)하고 김치 외에도 들깨미역국이 나오고
고소하고 따끈하고 갈비도 왕갈비, 매운갈비, 생과일갈비가 있는곳"
경기도,시흥시,중식,짬뽕,고구려 짬뽕,시흥 고구려 짬뽕,합리적인 가격과 맛에 블로그 맛집으로 유명함
경기도,시흥시,한식,칼국수,맛자랑,오이도 맛자랑,"오이도 앞 바다가 내려다보이는 탁트인 전망에 낙지, 키조개, 대합 등을 넣은 시원한 국물의 해물칼국수, 두툼하고 푸짐한 해물파전이 인기메뉴 / 대통령이 다녀 가신집으로 유명한 맛집입니다."
경기도,시흥시,한식,중식당,명가 노가나네 교동짬뽕,명가 노가나네 교동짬뽕,"먹으면 먹을수록 맛있고 뒤돌아서면 또다시 생각나는 맛집. 밥도 무한리필이라 따로 주문하지
 않아도 원하는데로 먹을수 있는곳"
경기도,시흥시,한식,부대찌개,모박사부대찌개,모박사부대찌개,파와 양파가 많이들어가 시원하고 깔끔한 맛이나는 곳
경기도,시흥시,한식,샤브샤브,소래버섯나라,소래버섯나라 본점,"샤브샤브 고유의 맛을 발전시켜 잊혀져가는 우리음식을 알리고, 자연 그대로의 맛을 즐기기 위해
 최상의 신성한 재료로 맛을 내는곳"
경기도,시흥시,한식,생선구이,자반고등어,정왕동 자반고등어,"생선구이, 조림이 메인인 자반고등어 메뉴는 단촐하나 4개의 기본찬은 그날그날 바뀌고 어떤 생선구이를 주문을 해도 김치찌개가 
기본으로 제공"
경기도,시흥시,한식,매운탕,토담골,물왕 토담골,"연근, 콩, 조, 흑미 등을 넣은 영양가마솥밥과 민물매운탕이 유명한 한식당(TV 다시방영) 푸른 나무와 분수가 있는 물레방아가 있어 
운치가 느껴지는 곳이며, 여러 가지 채소와 연근을 함께 넣은 메기찜과 빠가사리 매운탕이 대표 메뉴"
경기도,시흥시,한식,감자탕,홍가네감자탕,홍가네감자탕,무청시레기가 들어가 국물이 시원하고 양도 푸짐한곳
경기도,안산,한식,초계국수,망향식당,안산 망향식당,초계국수 와 비빔국수가 맛있는집
경기도,안산,한식,부대찌개,송탄 나여사 부대찌개,송탄 나여사 부대찌개,안산 초지동 (고잔점 인근) 본점으로 햄종류도 다양하고 푸짐함
경기도,안산,한식,양푼등갈비,양푼愛등갈비,안산 양푼애등갈비,매운맛이 3단계까지 있고 매운음식이 먹고싶을때 찾는 맛집
경기도,안산,한식,오리주물럭,여러분덕,여러분덕,안산 화정동의 오리고기 전문점 
경기도,안산,한식,해물찜,해미청,안산해미청,신선하고 쫄깃한 해물이 듬뿍들어있음
경기도,안산시,한식,추어매운탕,산골미꾸라지매운탕,산골미꾸라지매운탕,흔하게 보는 추어탕이 아닌 추어매운탕! 국수와 밥은 무한리필!여자들도 좋아합니다
경기도,안산시,한식,칼국수,솔밭칼국수,대부도 솔밭칼국수,대부도 여행을 하고 바지락이 많이 들어가서 시원하고 깔끔한 바지락칼국수가 있는곳. 해물파전은 많은 해물과 고소한 맛을 더함
경기도,안산시,한식,양푼愛등갈비,안산 양푼애등갈비,양푼애등갈비,매운맛이 3단계까지 있고 매운음식이 먹고싶을때 찾는 맛집
경기도,안성시,묵,묵밥/수육,고삼묵집,고삼묵집,손수 묵을 만들어 판매하는 장인의 맛이 깊은 식당으로 외지에서도 많이 찾는 유명맛집 입니다.
경기도,안양,양식,통닭,유성통닭,인덕원 유성통닭,옛날통닭 스타일에 똥집튀김이 인기메뉴
경기도,안양,한식,쪽갈비,원시 쪽갈비,인덕원 원시쪽갈비,"간장양념 쪽갈비가 인기메뉴이며, 인근회사에서 많이 이용"
경기도,안양,한식,곱창,원조곱창,인덕원 원조곱창,"가격대비 양이 많으며, 불쇼를 진행하여 볼거리 제공, 양대창추천"
경기도,안양,한식,돼지고기,제주 돈사돈,인덕원 제주돈사돈,다소 비싼편이지만 제주흑돼지 근고기부위사용으로 줄서서 먹는 맛집
경기도,양주시,칼국수,얼큰칼국수,밀밭칼국수,양주 밀밭칼국수,현지인들이 인정하고 찾는 맛집
경기도,양평군,한식,순대국,개군할머니순대국,개군할머니,수요미식회 방영 및 순대국 국물이 진국임
경기도,여주,고기구이,소고기,황토가든,여주 황토가든,유기농 쌈야채와 함께 먹는 고기 및 막국수 등 집밥같은 밑반찬
경기도,여주,오리요리,오리구이,구능촌,여주 구능촌,오리구이 및 양념게장 최고!!
경기도,여주,한식,사태찌개,단골집,대신 단골집,얼큰한 사태지깨 맛이 일품
경기도,여주,한식,삼겹살,하리 한우 센터,하리 한우 센터,"한 장소에서 20년 정육식당으로 최상급 고기재공, 고정반찬 두부조림 반찬 만으로도 밥한그릇 뚝딱"
경기도,여주,해물,해물코스,장복골,여주 장복골,소고기+장어+조개구이+랍스타 코스요리!!!!
경기도,여주시,한식,막국수,강계봉진막국수,강계봉진막국수,매콥한 맛의 막국수가 일품
경기도,여주시,한식,사태찌개,단골집,단골집,정육점과 함께 하고 있어 사태찌개 고기맛이 좋음
경기도,여주시,한식,한정식,청기와,청기와,여주쌀밥정식이 맛있으며 육회와 함께 나오는 정갈한 음식이 일품
경기도,영월,국수,칡국수,강원토속식당,강원토속식당,여름엔 시원한 비빔 칡국수 엄청 맛있습니다. 도토리 무침도 강추
경기도,오산시,"(능이) 오리백숙, 닭백숙, 닭볶음탕",(능이) 오리백숙,능이밥상,오산 능이밥상,가족들과 함께 즐기기에 건강한 음식 ※ 기타 오산 지역은 특색있는 맛집이 거의 없습니다. ^^
경기도,용인,중식,코스요리,팔선생,팔선생,1.5만원부터 시작되는 저렴하고 고급스런 중식코스
경기도,용인,한식,추어탕,남원추어탕,흥덕남원추어탕,"미꾸라지 튀김,추어탕이 맛이으며 평일에는 줄서서 먹어야 하는 맛집."
경기도,용인,한식,꼬막정식,순천회관,순천회관,남도정식 추천맛집
경기도,용인,한식,해물찜,어가,어가,푸짐한 해물에 맛도좋음
경기도,용인,한식,닭백숙,학마루,학마루,국물맛이 깔끔한곳(1시간전 예약필수)
경기도,용인,한식,수제비/칼국수,행하령 수제비,"행하령 수지비,연난 수제비",일일 200그릇 한정판매 지역맛집
경기도,용인,한식,동태탕/제육볶음,황소식당,황소식당,아는사람만아는맛집
경기도,용인시,꼬막,꼬막정식,순천회관,순천회관,사계절 언제나 맛있는 꼬막요리를 맛 볼 수 있습니다.
경기도,용인시,냉면,비빔냉면,팔당냉면,용인시청 팔당냉면,깨끗하고 뜨거운 육수도 맛있음
경기도,용인시,순대국,순대국,제일식당,용인시 제일식당,"용인시 ""백암순대""라는 지역 이름을 브랜드로 갖고 있는 대표 음식"
경기도,용인시,중화,양ㄲ느치,미향각,수지 양꼬치,지역 맛집 정통 양꼬치 맛을 볼 수 있음
경기도,용인시,한식,"흑염소, 보신탕",다릿목,다릿목,여름 보양식 추천
경기도,용인시,한식,"오삼불고기, 김치찌개",큰손식당,용인 큰손식당,허름해보이는 식당 외관과 달리 한번도 안가본 사람은 있지만 한번만 가는 사람은 없을 정도로 맛있는 집
경기도,용인시,한식,"청국장, 제육볶음,,,등",토속골 초가집,최근 이전함(구 주소 옆 건물 2층),오피스 상가내 가성비 좋은 집밥으로 직장인들에게 인기가 많음.
경기도,의왕시,만두,만두전골,명가,의왕 명가,"값싸고 , 양많고 무엇보다 맛있다"
경기도,의정부,중식,불짬뽕,빽가화짬뽕,빽가화짬뽕,"짬뽕 국물맛이 원조라고 생각되며, 얼큰한 국물이 더위을 싹풀리게 합니다."
경기도,의정부,중식,"라유짬뽕,믹스돈까스",사쿠라멘,사쿠라멘,영업시간 오후5시~오후9시까지만 영업하는 단점이 있지만 그만큼 맛이 끝네주는 맛집입니다.
경기도,의정부,한식,"갈비탕,떡갈비",솔가원,솔가원,"국산 한우떡갈비,갈비탕이 어른,어린이 모두 상관이 없이 좋아하는 맛입니다."
경기도,의정부,한식,냉면,평양면옥,의정부 평양면옥,이북 냉면 국물맛과 담백(수육과 같이 먹으면 더 맛있음) 
경기도,의정부시,국수,시원한비빔국수,부흥국수,의정부 부흥국수,.
경기도,의정부시,한식,갈비탕,솔가원,솔가원,갈비탕 국물이 깔끔하고 떡갈비 맛이 일품임.
경기도,이천시,동태찌개,동태탕,강남박생태찌개,강남박생태찌개,모든 메뉴가 기대이상으로 맛있습니다.
경기도,이천시,"육개장, 불고기전골",버섯 육개장,대송버섯집,이천 대송버섯집,버섯의 향이 가득한 색다른 육개장
경기도,이천시,카페,커피,이진상회,이천 이진상회,커피와 산책이 같이 어우러진 까페(이천 마장면 주변)
경기도,이천시,한식,막창,강원도막창,이천 강원도막창,이천에서 줄서서 먹는 막창집(이천 관고동)
경기도,이천시,한식,오리/닭백숙,느티나무집,이천 느티나무집,큰 느티나무밑에서 먹을수 있는 염소/닭/오리백숙(이천 중리동)
경기도,이천시,한식,보리밥,들밥,이천들밥,지난추억이있는 건강식 보리밥/고등어 구이(이천 마장면 주변) 
경기도,이천시,한식,생고기/돼지갈비,오동추야,이천 오동추야,수제 돼지갈비 전문점(외길25년)(이천 증포동)
경기도,이천시,한식,칼만두국,온정손만두,이천 온정손만두,온정이 느껴지는 칼만두국(이천 갈산동)
경기도,이천시,한식,돌솥콩나물밥,외할머니집,이천 외할머니집,어르신들이 좋아하는 콩나물밥/도토리전으로 건강식(남이천IC주변) 
경기도,이천시,한식,소머리국밥,우정식당,이천 우정식당,간단한 점심식사로 괜찮은곳 소머리국밥(이천 가좌리 주변)
경기도,이천시,한식,냉면,원조주막칡냉면,이천 원조주막칡냉면,"더위야 물러가라 냉면에(수박,키위)들어있는 냉면진수(이천 갈산동)"
경기도,이천시,한식,해장국,장지리해장국,이천 장지리해장국,숙취에 좋은 가마솥해장국 ..(이천 안흥동)
경기도,이천시,한식,한정식,청 목,이천 청목,이천 쌀밥 한정식 맛집(서이천 IC 근처)
경기도,이천시,한식,삼겹살,희망의숲,이천 희망의숲,비닐하우스에서 구워먹는 제주흙돼지….(이천 무촌리)
경기도,인천,국수,칼국수,황해해물칼국수,황해해물칼국수,을왕리에서 유명한 맛집으로 강력추천
경기도,인천,커피,커피,마시란비치하우스,마시란비치하우스,을왕리근처 힐링할수 있는 커피숍(갯벌도 들어갈수 있음)
경기도,일산 동구,두부요리,민속마을정식,민속마을 콩두부,애니골 두부,고소하고 담백한 두부요리로 임원급이 좋아하심.
경기도,일산 동구,백숙,누릉지백숙,다람쥐마을 묵집 누릉지백숙,다람쥐백숙,누릉지 맛으로 구수한 맛으로 인기가 많은 메뉴임.
경기도,일산동구,중식,뚝배기 전복짬뽕,명성각,일산 명성각,가성비 좋고 전복이 있어 국물이 시원하고 해장으로 강추합니다.
경기도,일산시,순대국,갈매기순대국,맛나 순대국,서대순순대국,맛있어요~~
경기도,정왕동,한식,우럭회무침,해미랑,해미랑,우럭회무침 코스요리로 깻잎에 싸서 먹으면 없던 입맛 확!!
경기도,진접,중식,짬뽕,원차우짬뽕,진접 원차우,백짬뽕 선호하는 사람이 많음/현지인 자주 찾는 집
경기도,진접,한식,불고기,광릉한옥집,광릉한옥집,줄서서 먹는 집/가격 합리적
경기도,파주시,손만두국,손만두국,평양손만두국,평양손만두파주운정점,육즙가득 푸짐한 손만두로 처음엔 맑은국으로 즐기다 고명을 넣고 매콤하게 마무리할수 있는 점심시간엔 대기는 필수인 파주맛집
경기도,파주시,일식,초밥,대한초밥,운정대한초밥,가성비 짱
경기도,파주시,족발,"족발,막국수",화정족발 운정직영점,화정족발 운정직영점,최근 먹어본 족발 중 당연 최고였습니다. 서울에서 족발먹으러 파주갑니다
경기도,파주시,중식,간짬뽕,신 간짬뽕,금촌 신 간짬뽕,"1,2,3단계로 먹을수 있는 국물없는 간짬뽕 맛집 (3단계는 우유와 같이…)"
경기도,파주시,한식,곱창전골,교하정,파주 HACCP 인증 식당,"갈비탕,곱창전골 아주 위생적이고 가족단위 식사하기 좋은집"
경기도,파주시,한식,돈까스,내사랑돈까스,내사랑돈까스,젊은 남녀사이에 인기가 많고 유명한 맛집임
경기도,파주시,한식,오리로스,도가네,금촌 오리,몇십년된 가옥의 운치가 있는 대표 맛집
경기도,파주시,한식,구복탕,물빛하늘정원,파주 보양식,스테미너 보양식 고급스럽고 맛있음
경기도,파주시,한식,매운탕,민바리 매운탕,파주아울렛 매운탕,시원한 국물이 일품인 민물 매운탕 맛집.
경기도,파주시,한식,장어구이,반구정,파주 장어,전통있고 고풍스런 장어구이 대표 식당
경기도,파주시,한식,육개장,보배집,금촌 육개장,전통있는 속풀이 전문 육개장집
경기도,파주시,한식,두부요리,복두부집,파주 복두부집,청국장/비지/순두부(반찬 정갈하고 맛있음)
경기도,파주시,한식,도토리쟁반국수,심학산 도토리 국수,심학산 도토리 국수,심학산 둘레길을 등산한 후 먹으면 너무너무 꿀맛입니다! 도토리전과 모주까지 꼭 드세용~
경기도,파주시,한식,칼국수,언칼국수,금촌 칼국수,얼큰 칼칼의 최고봉 해장 전문 칼국수집
경기도,파주시,한식,막국수,이가네봉평메밀향,파주 막국수,메밀면을 직접 삶아 심학산 인근 유명 맛집
경기도,파주시,한식,갈비탕,이가덕보,금촌 갈비탕,갈비탕 양많고 퀄리티 아주 높음(조기 품절 잦음)
경기도,파주시,한식,순대국,큰손집,금촌 맛집,파주시청 전통있는 순대국집
경기도,파주시,한식,칼국수,파주닭국수,파주 맛집,면과 닭의 장인 둘이 만나 차린 신흥 맛집 닭칼국수집
경기도,평택시,한식,설렁탕,파주옥,평택역 파주옥,수요미식회에서 촬영 나왔을만큼 맛집입니다.
경기도,포천시,이동갈비,양념소갈비,우목정,우목정,최근 고객들이 많이 찾는 지역 맛집
경기도,하남,중식,코스요리,꽃놀이,하남 꽃누리,"중식 코스요리집,실내 인테리어가 카페처럼 되어 있어 분위기 좋고 외부는 정원, 분수대도 있어 자연친화적인 분위기로 좋음
데이트 장소 적합하며,맛도 좋음"
경기도,하남,한식,손두부,강변손두부,미사리 강변 손두부,"반찬은 진짜 특별 할거 없지만 집반찬 느낌에 깔끔한 맛,직접 손두부를 만들며,콩국물에나오는 손두부는 일품인 맛집"
경기도,하남,한식,매운탕 수제비,남경쇠소깍,하남 남경쇠소깍,국물이 다시마 맛이 없이 진한게 우려낸 국물 맛 
경기도,하남,한식,섭국,미다리바다해장국,미사리 섭국,"부추,미나리,홍합이 들어있어 별미임.이열치열에 제일 생각나는 맛집이며 다음날 해장에 좋은집"
경기도,하남,한식,누룽지백숙,소나무집,소나무집,엄나무 누룽지백숙으로 향이 진함
경기도,하남,한식,코다리,자성화맛집 코다리네,하남 자성화 맛집 덕풍동,체인점이지만 여러곳중 가장 양념이 맛있음.여사님들과 파트너님들에게 인기인 맛집.
경기도,하남,한식,냉면,팔당냉면,팔당냉면,냉면과 숯불고기가 어우러져 맛있음.
경기도,하남,한식,돼지고기,하남돼지집(하남),하남돼지집(하남),하남 본점
경기도,하남,한식,한정식,한채당(하남),한채당(하남),전통한옥으로 고품격 음식서비스를 제공
경기도,하남,한식,오리,화돌농장,하남 화돌농장,주차장이 넓음.가격 좋구 담백한 오리고기에 깔끔한 영양보양식 맛집.
경기도,하남,한식 ,얼큰양곰탕,백년곰탕 ,하남 백년곰탕 ,얼큰한 맛이 일품인 색다른 양곰탕의 맛 
경기도,하남,한식 ,코다리 찜 ,자성화코다리찜,하남 자성화코다리찜,말이 필요 없는 맛집 ( 얼큰 ) 
경기도,하남,한식 ,아구찜 ,현정이네,하남 현정이네 ,아구찜의맛이 일품임 
경기도,화성시,냉면,물냉면.비빔냉면,청학동칡냉면,청학동칡냉면,융건릉 관광 후 시원하게 육수가 맛있고 양도 푸짐하며 줄서서먹는 맛집
경기도,화성시,족발&보쌈,보쌈,유명환 명품 족발,유명환족발,야야들 쫄깃한 족발과 막구수가 일품임(점심보쌈정식이 알차고 맛나다)
경기도,화성시,중국음식,꼬막짬뽕,조기종의향미각,향미각,매콤한 꼬막짬뽕 국물에 쫄깃만 면이 일품임(각종 해물&소고기 등 재표)현지인들이 많이 찾는 맛집입니다.
경기도,화성시,한식,황태정식,하태우노란황태,동탄하태우노란황태,시원한 황태 해장국과 코다리 구이가 맛있는집
경기도,화성시 동탄,한식,쌀국수,포레스트,동탄 포레스트,국물이 시원한 쌀국수 맛집 기본 1시간은 기다려야하며 대기명단에 이름 작성하고 대기 후 시식 가능함
경상남도,거제시,한식,멍게비빔밥,백만석,거제백만석,다진멍게를 양념한뒤 저온숙성 방식으로 운영하는 멍게비빔밥
경상남도,김해시,복어요리,지리탕,일미복집,일미복집,시원한 복국으로 유명한 복국 맛집
경상남도,김해시,양식,돈까스,요리하는 남자,요남자,체인이나 김해지역점이 맛이 월등히 있음.
경상남도,김해시,장어,장어구이,솟대마을,솟대,낙동강 전경을 바라보며 먹는 장어구이 맛집
경상남도,김해시,한식,코다리찜,논두렁,삼계 논두렁,"현지인 추천,코다리 찜 맛집."
경상남도,김해시,한식,추어탕,안채,안채,김해 추어탕 최고의 맛집
경상남도,김해시,국밥,돼지국밥,밀양돼지국밥,김해 밀양돼지국밥,"돼지국밥의 원조이며,가격이 저렴하여 현지 타지역에서 자주찾는 맛집 입니다."
경상남도,김해시,분식,떡볶이,정은이네,김해 정은이네,가격이 저렴하고 밀떡으로 만든 떡볶이와 바싹바싹한 튀김 종류가 많아 현지인들이 자주 찾는 맛집입니다
경상남도,김해시,숯불고기,양념돼지갈비,연지 돼지갈비,김해 연지갈비,가격이 저렴한데 비해 맛과 양질이 우수하여 현지 타지역에서 자주찾는 맛집 입니다.
경상남도,김해시,"아구찜,해물찜",아구찜,물꽁 아구찜,물꽁 아구찜,향과 맛이 담백하고 생 아구로 만들어 양도 많아 현지 타지역에서 자주찾는 맛집입니다.
경상남도,마산시,참숯왕소금구이,돌판김치찌개,사재감참숯왕소금구이,사재감참숯왕소금구이,"국내산 생고기 신선육 먹고, 반드시 돌판김치찌개를 먹고 와야합니다"
경상남도,사천시,닭갈비,닭갈비,매운춘천닭갈비,매운춘천닭갈비,"사장님 안녕하세요,아침마당등 TV다수 출연하였으며, 국내산 닭갈비가 1인분 8,000이며 
치즈사리가 기본제공됨"
경상남도,사천시,중식,짬뽕,부자손짜장,부자손짜장,"짬뽕에 해산물이 풍부하며, 탕수육이 맛있음"
경상남도,사천시,한식,냉면,하연옥,하연옥,냉면에 육전고명이 올라가는것이 특징이며 육전맛이 일품임
경상남도,사천시,한식,옻닭,원조가든,원조가든/우리집가든,"현지인들에게 입소문난 맛집이며, 가성비 뛰어남(옻향이 좋음)"
경상남도,사천시,한식,재첩국,앞뜰식당,앞뜰식당,재첩국이 시원하며 낙지볶음맛이 좋음
경상남도,사천시,한식,김치찌개,좋은식당,좋은식당,"쌈싸먹는 김치찌개 집으로 유명하며, 라면사리가 기본 제공됨"
경상남도,양산시,물회,물회,해초,양산 해초 물회,물회 + 조림+ 미역국 전부 맛남…
경상남도,양산시,분식,팥빙수,"소문난 팥빙수,단팥죽","소문난 팥빙수,단팥죽","""생활에 달인"" 에 소개 될만큼 양산 맛집."
경상남도,양산시,일식,메밀소바,삼정메밀소바,삼정메밀소바,"""생활에 달인"" 에 소개 될만큼 양산 맛집."
경상남도,양산시,한식,추어탕,가촌가마솥추어탕,가촌가마솥추어탕,"원조 가마솥에 푹 끊인 원조 추어탕,."
경상남도,양산시,한식,우동국밥,해양산국밥,해양산국밥,국밥에 우동사리가 들어가 있는 양산 대표 국밥.
경상남도,양산시,한식,칼국수,매콤이&순진이 칼국수,매콤이&순진이 칼국수,"어탕식 칼국수,수제비로 얼큰한 맛이 일품."
경상남도,양산시,한식,갈비탕,우리농원,우리농원,푸짐한 왕갈비탕으로 유명함
경상남도,양산시,한식,우동국밥,해양산국밥(양산북정점),해양산국밥,"돼지국밥과 우동면의 얼큰한 만남이 맛있는 맛집으로 양산/울산 지역에 여러 체인점이 있으나, 양산북정점이 본점입니다."
경상남도,진주시,게장,게장,은성 게장,진주 은성게장 검색,싸고 맛있는집 무한리필/가성비 최고
경상남도,진주시,닭,삼계탕,성지원,진주 성지원 검색,정원이 멋진 닭집
경상남도,진주시,비빔밥,비빔밥,천수식당,진주 천수식당 검색,석쇠불고기 및 육회비빔밥 전문점
경상남도,진주시,오리,오리집,송원가든,진주 송원가든 검색,용압탕 및 한방 오리보쌈 전문점
경상남도,진주시,옻닭,메기매운탕,신토불이 가든,진주 신토불이가든검색,"시골스러운 옛날 어머니손맛집(조미료X),가성비최고
(메기매운탕,옻닭,붕어찜)"
경상남도,진주시,한정식,한식,한정식 아리랑,진주 아리랑 검색,고급 한정식 집으로 예약필수
경상남도,진주시,한식,냉면,하연옥,하연옥,진주의 대표 냉면집으로 육전과 함께 곁들여 먹으면 맛이 좋습니다.
경상남도,진주시,"한식,간식","1)냉면, 2)비빔밥, 3)찐방/꿀빵","1)하연옥(본점), 황포냉면(가좌점) 2)천황식당,제일식당 3)수복빵집",네이버등,진주에서 가장 인지도가 높은 대표 맛집
경상남도,창원시,고기집,곱창,곱창가,창원 상남동 곱창가,초벌구이된 곱창구이에 소주한잔이 맛있는 집
경상남도,창원시,고기집,고기,백천참숯갈비,진영 백천참숯갈비,초벌구이된 삼겹살이 맛있는 맛집
경상남도,창원시,짬뽕,목살짬뽕,3000도씨,마산 3000도씨,목살을 직화후 짬뽕에 올려주는 맛집
경상남도,창원시,한식,육회비빔밥,마산집,창원 상남동 마산집,육회 비빔밥과 소고기 국밥으로 40년이상 영업한 맛집
경상남도,창원시,한식,통술(다찌),홍시,마산 홍시 통술,신선한 해산물안주 무한제공/인당 안주 계산
경상남도,창원시,한식,통술(다찌),불새다찌,상남동 불새다찌,신선한 해산물안주 무한제공/인당 안주 계산
경상남도,창원시,한식,꽃게찜,초가집,중앙동 초가집,수요미식회에 소개된 찜 전문 맛집
경상남도,창원시,한식,다슬기탕,토담,중앙동 토담,시원한 다슬기탕에 깔끔한 반찬이 일품인 맛집
경상남도,창원시,한식,"미역국, 간장게장",목포 밴댕이,목포 밴댕이,전라도 음식맛이라 괜찮고 누구를 모시고가도 좋다는 의견임. 밑 반찬도 괜찮음
경상남도,창원시,한식,고디탕,토담고디탕,창원 토담고디탕,"우선 맛이 좋으며, 건강한 밥상이라는 느낌의 식당"
경상남도,창원시,순대,순대전골/모듬순대,개성순대,마산 개성순대,"가족들과 식사 OK, 동료들과 술안주로 OK, 주말에는 번호표를 뽑고 기다리시고 회전율이 빨라 금방금방 순번이 옴!! 순대전골 먹고 꼭 밥 볶아달라고 하세요^^"
경상남도,통영시,한식,다찌,벅수다찌,통영벅수다찌,"다양한 시즌 해산물로 유명하며 ""알쓸신잡""방송후 더 유명해진 맛집"
경상남도,통영시,한식,생선구이,통영생선구이,통영생선구이,싱싱한 활어를 그대로 구워 식감이 살아있는 생선구이 맛집
경상남도,통영시,한식,해물뚝배기,미주뚝배기,미주뚝배기,"뚝배기 속에 각종 해산물(뿔소라, 딱새우, 조개등)의 시원한 국물맛"
경상남도,통영시,한식,매운탕,청산식당,통영청산식당,자연산 매운탕으로 살아있는 생선을 조리하여 비린맛이 없는 일품매운탕집
경상남도,통영시,분식,충무김밥,한일김밥,통영 한일김밥,충무김밥은 통영을 대표하는 정통음식
경상남도,통영시,중식,해물짬뽕,심가네해물짬뽕,통영 심가네해물짬뽕,알쓸신잡에 나온 짬뽕집으로 이미 유명하지만 그래도 와봐야 할집
경상남도,통영시,한식,생선구이,통영생선구이,통영생선구이,싱싱한 활어를 그대로 구워 식감이 살아있는 생선구이 맛집
경상북도,경주시,양식,피자,987피자,경주 987피자,피맥으로 유명하고 피자가 맛있는 맛집
경상북도,구룡포,국수,국수,할매국수,구룡포 할매국수, 우리 할매가 해준 어릴때 그맛…. 수요미식회 나옴!!
경상북도,구룡포,해산물,,해궁회타운,구룡포 해궁회타운,진짜 자연산 회 + 물이 없는 물회!! + 호박전 별미…또 먹고 잡다!!!
경상북도,구미시,한식,알탕,동광알탕,"동광알탕, 구미알탕, 구미맛집",알탕을 좋아하시는 분들에게 추천하는 알탕맛집! 알탕을 술안주가 아닌 식사로 접할수 있는 알탕 전문 식당을 소개합니다
경상북도,구미시,한식,생오겹살,윤쉐프의고기집,윤쉐프의고기집,두툼한 생고기가 퀄리티 좋고 밑반찬과 샐러드가 맛있음
경상북도,안동시,한식,메기매운탕/잡어매운탕/쏘가리매운탕/매기찜,거랑애,거랑애(愛),양이 많고 비릿맛이 없으며 맛이 정말 끝내줍니다.
경상북도,칠곡군,한식,"촌된장/청국장 열무비빔밥, 도토리고기전",고향청국장,"석적청국장,고향청국장,석적맛집","국내산 콩으로 직접 만든 청국장/된장과 열무김치의 조화! 그리고 가격까지 저렴한 숨은 맛집, 도토리고기전도 별미입니다."
경상북도,포항시,분식,떡볶이,포항할매떡볶이,포항할매떡볶이,존나 맛있음….백종원 3대천왕 섭외 거절…이유 바빠서!!!!
경상북도,포항시,한식,전복죽,구룡포전복도소매,구룡포 전복도매집,구룡포 전통맛집으로 해장에 매우좋음
경상북도,포항시,한식,모리국수,까꾸네 모리국수,구룡포 모리국수,구룡포 맛집으로 까꾸네 모리국수집 외에도 모리국수집이 모여있어 어딜가도 맛집임
경상북도,포항시,한식,오리백숙,도토리마을,포항 도토리마을,오리.닭백숙 및 구이 전문으로 지역민 맛집
경상북도,포항시,한식,물회,마라도 횟집,포항 마라도 횟집,여러매체를 통해 알려진 포항대표메뉴인 물회 전문으로 여름철 줄을서서 먹는맛집
경상북도,포항시,한식,장어구이,명가민물장어,청하 명가 민물장어,통통한 장어와 생강의 환상적인 여름 보양식
경상북도,포항시,한식,물회/회,바다원,바다원,영일대 야경과 시원한 물회
경상북도,포항시,한식,닭냉국수,삼육식당,포항 삼육식당,저렴한 가격임에도 많은 양과질의 닭냉국수를 이용가능 지역민들의 진짜맛집
경상북도,포항시,한식,물회,새포항물회,새포항물횟집,전통 포항식 물회의 기본을 지키는 뼈대있는  집
경상북도,포항시,한식,메밀막국수,설악막국수,포항 설악막국수,메밀로 만든 막국수로써 자극적이지 않은 맛으로 지역민들이 모임장소로 이용
경상북도,포항시,한식,밀면,숲실밀면,오천 숲실밀면,포항내 밀면으로 가장 정평이 나있는 지역민 맛집
경상북도,포항시,한식,추어탕,신창추어탕,포항장기맛집 신창추어탕,바다드라이브 후 맛있는 추어탕
경상북도,포항시,한식,제육정식,용산식당,포항 용산식당,제육정식 맛집으로 추가밥은 무료임
경상북도,포항시,한식,조개전골,우미조개전골,포항 우미실비타운,얼큰한 조개전골에 김치쌈으로 술안주에 최고 맛집
경상북도,포항시,한식,닭갈비,임곡 춘천닭갈비,임곡 춘천닭갈비,매콤하면서도 맛있는 지역의 오래된 전통 맛집임
경상북도,포항시,한식,회,죽도시장,포항 죽도시장,"정해진 식당은 아니지만, 죽도시장내 횟집에서 직접 횟감을 고르고 "
경상북도,포항시,한식,닭발,할매닭발,포항 할매닭발,매콤한 닭발에 새콤한 쿨피스와 주벅밥의 콜라보
경상북도,포항시,한식,전복죽,할매전복대게,할매전복대게,대형전복의 씹는 맛이 구수한 건강식
경상북도,포항시,한식,곱창전골,할배돌곱창,포항 할배돌곱창,구수한 곱창 전골에 통통한 우동 사리
경상북도,포항시,한식,물회,환여물회,포항 환여횟집,SBS 생할의 달인 최종 우승집
경상북도,포항시,한식,수육,장기식당,죽도시장 소머리곰탕,"진짜 존나 맛있음…수요미식회 나옴…옆집 백종원 3대천왕 나온집""평남식당"""
경상북도,포항시,횟집,곰장어,산호숯불곰장어 아나고,산호숯불곰장어 아나고,포항 현지인이 즐겨찾는 맛집
경상북도,포항시,초밥,모듬초밥,가정초밥,효자 가정초밥,명품 초밥을 저렴한 가격에 맛볼수 있는 기회
경상북도,포항시,물회,자연산물회,오룩도회센터,구룡포 오륙도,자연산 회에 특별한 육수와의 만남이 일품
경상북도,포항시,가정식,돼지두루치기,인천식당,포항 인천식당,"엄청난 양을 자랑하는 가정식 돼지두루치기가 일품, 주변 반찬도 일품"
경상북도,포항시,물회,"물회, 가자미구이",태화식당,포항 태화식당,수요미식회 추천 맛집 가자미물회가 일품
광주광역시,광주 광산구,한식,떡갈비,빛고을 떡갈비,광주 빛고을 떡갈비,담양식 떡갈비와 차원이 다른 광주도심에서 즐기는 맛 좋은 송정떡갈비
광주광역시,광주 광산구,한식,불볼락탕,가거도 불볼락탕,가거도 명물 불볼락탕,저렴한 가격대에 얼큰하고 시원한 불락탕 국물이 일품인 광산구 맛집 
광주광역시,광주 광산구,한식,떡갈비,송정떡갈비,송정떡갈비,백종원 3대천왕 방영 맛집. 연예인들이 어마어마하게 다녀간 그 집 
광주광역시,광주 광산구,한식,곱창구이,서울곱창,송정리 서울곱창,간장 베이스의 짭쪼름한 맛과 연탄불로 구운 향이 은은하게 느껴지는 맛집
광주광역시,광주 광산구,한식,모듬국밥,영명국밥,송정리 영명국밥,깔끔하고 개운하면서 맵지않고 부담이 없는 줄서서 먹는 시장국밥집
광주광역시,광주 광산구,한식,냉면,옥천면옥,광주 냉면 옥천면옥,육수에 깔끔한 맛과 면이 얇고 밝은 색을 띠고 있어 그 맛이 일품인 맛집
광주광역시,광주 광산구,한식,애호박찌개,명화식당,광주 명화식당,"""광주5大게미맛집""목살로 국물을 내고, 애호박이 가득, 두툼한 돼지고기가 푸짐하게 들어있는 맛집 "
광주광역시,광주 광산구,한식,뼈해장국,어등뼈해장국보쌈,어등뼈해장국,얼큰하고 맛과 돌솥밥이 일품
광주광역시,광주 남구,한식,한방약닭,월산공원,광주 월산공원,피서지가 아닌 도심안에서 피서지에 온것 같은 기분으로 즐길수 있는 여름철 최고보양식(한방약닭) 
광주광역시,광주 동구,한식,돼지불고기,오미뚝배기,광주 오미뚝배기,허름한 옛날집에서 즐기는 어머니의 돼지불고기로 인한 집밥의 향수를 느낄수 있는 맛집
광주광역시,광주 북구,한식,꽃게장 + 알탕,미송꽃게장,문흥동 미송꽃게장,광주 도심 안에서 즐길수 있는 밥도둑 간장게장과 얼큰한 알탕이 일품인 맛집
광주광역시,광주 서구,한식,흑염소 수육 및 탕,매월흑염소가든,광주 매월흑염소,"""광주5大게미맛집"" 흑염소 특유에 누린내가 없으며, 쫄깃하면서 매우 부드러운 정말 끝내줌"
광주광역시,광주광역시,오리탕,오리탕,영미오리탕,영미오리탕,현지인 맛집
광주광역시,광주광역시,한식,애호박찌게,명화식육식당,평동 애호박찌게,푸짐한 양의 애호박과 고기가 듬뿍 착한가격에 맛집 강추.
광주광역시,서구 상무지구,"전복,가자미 미역국",소고기 미역국,오복미역,오복미역 상무점,"주문과 동시에 바로 끓이기 시작하고, 진한 국물맛에 바다위를 둥둥 떠다니는 느낌입니다.한 번 맛보면 단골을 안할수가 없게 만드는 한끼 식사로 강추합니다."
대구광역시,남구,일식,돈까스,이바네,이바네,돈까스 맛집 (점심때만 판매) 
대구광역시,남구,한식,아구찜,비산복어뚝배기,비산복어뚝배기,복어전문이지만 각종찜 맛이 좋음
대구광역시,달서구,일식,우럭회 코스요리,우럭이야기,월배우럭이야기,"코스요리로 선택시 다양한 회,초밥,매운탕,무침회,우럭구이로 맛있게 즐길수 있슴"
대구광역시,달서구,일식,스시,카모가와 스시,카모가와 스시,"베테랑 셰프드의 정통 일식 요리가 일품, 인근 월광 수변공원 관광"
대구광역시,달서구,족발,"족발,보쌈",가장맛있는족발 다사죽곡점,가장맛있는족발 다사,"대구 금호강 주변 관광과, 대구내 가장 맛있는 족발집 추천"
대구광역시,달서구,중식,짬뽕,가야성,대구 달서구 가야성,"백종원의 3대천왕 짬뽕 우승한 집 가야성, 짬뽕 국물이 일품"
대구광역시,달서구,한식,돼지국밥,가마솥 돼지국밥,본리동 가마솥 돼지국밥,택시 기사들이 찾는 밀양식 돼지국밥
대구광역시,달서구,한식,돌솥밥/보리밥,만반,월성동 만반,돌솥정식으로 음식이 깔끔하고 정성 스럽게 음식제공
대구광역시,달서구,한식,쭈꾸미,만복이쭈꾸미,월배만복이쭈꾸미,쭈꾸미볶음에 우동으로 먹으면 맛있는집 새우튀김도 맛있슴
대구광역시,달서구,한식,동태탕,송림 동태찜탕,송림 동태찜탕,시원하고 얼큰한 맛으로 현지인이 자주 찾는 음식점이며 이마트 피코크 상품으로 도입 운영중입니다
대구광역시,달서구,한식,동태탕,송림동태,송림동태찜탕,피코크 상품의 원조 송림동태탕! 대구내 최고의 동태요리전문점
대구광역시,달서구,한식,메기매운탕,월배메기매운탕,월배메기매운탕,"밥,술안주로 최고,메기가 손질되어 뼈가없고 잡내가 없어 맛있슴"
대구광역시,달서구,한식,김치찜닭,장수찜닭,월성동장수찜닭,대표메뉴 묶은지 김치찜닭 밥도둑 남녀노소 모두 좋아함
대구광역시,달서구,해물,문어삼합탕,문어삼합이야기,문어삼합이야기,"쫄깃 문어삼합이 있는 곳, 숨은 맛집!!"
대구광역시,달성군,한식,칼국수,옹심이칼국수,달성군옹심이칼국수,직접 빚은 옹심이와 메밀면으로 만든 쫄깃한 칼국수
대구광역시,달성군,한식,닭백숙,외딴집,외딴집,직접 기른 토종닭과 직접 담은 장아찌 맛 짱
대구광역시,달성군,한식,비빔냉면,유촌칡냉면,유촌칡냉면,여름에만 장사하는 화원 최고의 맛집
대구광역시,대구,갈비찜,한식,원조돼지갈비찜,원조돼지갈비찜,"대구 하면 갈비찜이 유명 하며, 보통 동인동찜갈비 골목 을 이야기 하지만 대구 현지인들은 비싸서 가지 않음. 원조돼지갈비찜 집은 30년 전통을 자랑하며 현지인들이 찾는 숨은 맛집"
대구광역시,대구,베트남요리,월남쌈,더포,더포(본점),차별화된 맛과 맛집인데도 불구하고 직원친절도가 매우 좋음 가성비면에서도 굿
대구광역시,대구시,국수,콩국수,칠성동 할매 콩국수,칠성동 할매 콩국수,"가격대비 콩국수의 맛이 일품이며, 콩국수의 고유의 담백한 맛이 느낄 수 있는 전통 콩국수 맛집"
대구광역시,대구시,찜닭,마늘간장치킨,장수찜닭,장수찜닭,30년전통의 숨은 맛집
대구광역시,대구시,해물탕,해물탕,하나해물탕,대구하나해물탕,"해물탕 단일메뉴만 맛의 승부를 보여주는 해물탕 전문점으로 조개류, 게, 새우가 들어간 해물탕은 국물이 늘 먹던 해물탕의 시원함과 칼칼한 맛을 느낄 수 있고 반찬은 추억의 반찬류와 계절 반찬 굴 무침이면 배를 든든하게 채웁니다."
대구광역시,동구,한식,아구찜,달빛식당,불로동 달빛식당,싸고 푸짐한 아구찜 맛까지 좋은곳
대구광역시,동구,한식,상강한우탕,대구축산업협동조합 동대구IC점,대구축산업협동조합 동대구IC점,점심특선 200그릇 한정판매
대구광역시,동구,한식,꼬막정식,반야월벌교꼬막,반야월벌교꼬막,벌교까지 가지않아도 싱싱한 꼬막을 맛볼수 있는집
대구광역시,동구,한식,정식,실비식당,대구 동구 효목2동 517-5,타점 점장님과 본부장님 식사후 맛집 평가함
대구광역시,동구,한식,해장국,양평해장국,효목동울엄마양평해장국,24시간 영업과 소양해장국으로 맛집
대구광역시,동구,한식,송이순두부찌개,원조산골기사식당,산골기사식당,팔공산 송이 순두부찌개의 맛집
대구광역시,동구,한식,굴국밥,원조청정굴국밥본점,원조청정굴국밥,싱싱한 국내산 굴을 사용하여 시원하고 맛있는 굴국밥
대구광역시,북구,중식,짬뽕/중화비빔밥,수봉반점,수봉반점,짬뽕과 중화비빔밥이 유명
대구광역시,북구,중식,중화비빕밤,일미반점,일미반점,"어디에도 없는 중식의 대표음식 중화비빕밥, 한번 드신분은 꼭 재방문 1순위"
대구광역시,북구,한식,연탄불고기,단골식당,단골식당,특유의 양념으로 연탄불에~ 거기에 가격이 5천원
대구광역시,북구,한식,막창,단지막창,단지막창 대구본점,대구 대표음식중 하나 막창~ 단지처럼 막창안에 마늘을 넣어 숙성시킨 그맛
대구광역시,북구,한식,콩국수,칠성동할매콩국수,칠성동할매콩국수,"콩국수 전문음식점 단일메뉴, 각종 방송사(4회)출연등 50년 전통 / 콩맛이 살아 있는 미지근한 콩국수 (수요미식회 소개집)"
대구광역시,북구,한식,멸치국수,풍국면,풍국면 삼성창조캠퍼스,대구 대표 면요리 풍국면에 빠져 보시면 좋을듯 합니다.
대구광역시,서구,한식,한우구이,골목식육식당,내당동골목식육식당,저렴하고 신선한 한우 구이집 알려지지 않은 맛집
대구광역시,수성구,일식,복지리,감포은정복어,감포은정복어,참복지리 설렁탕국물 처럼 뿌연게 국물 포스가 남다름
대구광역시,수성구,일식,물회,강릉집,두산동강릉집,다양한 물회를 맛보실수 있습니다.
대구광역시,수성구,일식,뽈락회,싱싱회뽈락,싱싱뽈락회,뽈락회와 초밥밥과 특제 쌈장과 함께 쌈사먹는 걸로 유명함
대구광역시,수성구,일식,참가자미회,형제수산,형제수산,"줄가자미 회 맛집, 스끼다시양도 어머어마함"
대구광역시,수성구,한식,함흥냉면/갈비탕,고산옥,고산옥,함흥식냉면과 골프채 갈비탕이 일품
대구광역시,수성구,한식,칼국수,대구손칼국수,범물역 대구손칼국수,칼국수와 수제비전문점 겉절이까지 맛있고 보리밥은 덤으로 서비스
대구광역시,수성구,한식,정식,미성복어,미성복어불고기,3대천왕 맛집 소개
대구광역시,수성구,한식,삼겹살,원조아삼겹,대구원조아삼겹,눈꽃삼겹살로 회식장소 적합
대구광역시,중구,중식,야끼우동,중화반점,동성로 중화반점,동성로 야끼우동 맛있는 집(백종원 3대천왕 56회출연)
대구광역시,중구,한식,족발,방천가족,방천가족족발,대구 방천시장 김광석거리 대박맛집
대구광역시,중구,한식,시레기정식,안빛고을,안빛고을,구수한 시레기 정식과 시레기 찜닭이 일품
대구광역시,중구,한식,생고기,왕거미식당,왕거미식당,백종원 3대천왕소개된 유명한 생고기 집(생고기 월~금판매)
대전광역시,대전광역시,빵,빵,성심당,성심당,"각종 맛집 tv프그르램에 방영, 60년 전통, 대전 시내 최다 방문객(전국 유명맛집)"
대전광역시,서구 괴정동,생연어 사시미,"미카사로 세트 (연어사시미+간장새우+메로구이+삼치구이+튀김)=36,000원",생 연어 전문점 미카사로,http://2seul-guide.com/221207149410,가성비 굿
대전광역시,유성구,보양식,오리뚝배기,산에산유황오리,산에산,합리적인 가격의 오리뚝배기탕으로 몸보신도 하고 일반구이와 다른 회전구이의 별미를 느낄 수 있는 곳
부산광역시,금정구,국수,국수,구포촌국수,구포촌국수,"30년 전통의 맛과 정성, 정말 맛있는 국수집"
부산광역시,금정구,돼지고기 구이,삼겹살,고굽남(고기굽는 남자),고기굽는 남자,"고기 질도 좋으며, 고기를 맛있게 직원이 굽어줌"
부산광역시,금정구,"백숙, 삼계탕",삼계탕,백년백세 삼계탕,백년백세삼계탕,"고기가 부드럽고, 검은깨가 들어가서 국물이 고소함."
부산광역시,금정구,일식당,하카타라멘,우마이도,우마이도,육수가 진하고 면발이 쫄깃해서 맛있음
부산광역시,금정구,한식,쭈구미,구서 쭈구미,구서 쭈구미,싱싱한 쭈구미에 적당히 매운맛
부산광역시,남구,"꼬막정식, 꼬막 초무침, 간장양념 꼬막 비빔밥",벌교 꼬막정식,와사비 본점,꼬막정식 와사비,본점만의 특별한 양념 맛과 다양한 음식 구성(꼬막정식)으로 줄서서 먹는집
부산광역시,동래구,치킨,"후라이드
닭똥집튀김",희망통닭,희망통닭,부산광역시 3대통닭집 중 한곳(백종원 3대천왕집)
부산광역시,사상구,메밀소바,메밀 냉소바,송호상의 원조의령소바,송호상의 원조의령소바,온탕+냉탕 다 맛남….주문 즉시 만들어 주는 센스!!! 난 그래도 냉소바
부산광역시,진구,소고기,한우 물회,도마위에 암소,도마위에 암소,만원에 행복+졸 맛있음(어제 처음 먹음)
부산광역시,기장군,식음료,커피,웨이브온,기장웨이브온,존나 아름다움 + 저녁 9시~12시 절정(이쁘니들…)
부산광역시,중구,와인,감바스 알하이오,몽블랑,몽블랑,분위기 있는 와인바에서 퀄리티있는 요리를 즐길 수 있음
부산광역시,중구,일식,쓰시,상짱,중앙동 상짱,남포동에 유명한 쓰지집
부산광역시,수영구,일식,회코스,삼천포횟집,씨랜드7층 삼천포횟집,"광안리 하면, 씨랜드이고 회는 씨랜드에서.."
부산광역시,남구,일식당,물회,대박집 물회,대박집 물회,문현동 달인물회 바로 그집.특제육수 맛이 끝내줌
부산광역시,남구,한식,돼지국밥,알천순대곱창전골,경성대 알천순대곱창전골,경성대 대학가에서 맛집으로 이름 있는집
부산광역시,사상구,한식,돼지국밥,종갓집 돼지국밥,학장 종갓잡 돼지국밥,"국물이 진하고, 막국수도 일품임"
부산광역시,중구,한식,양곱창,대정양곱창,남포동 대정양곱창,"부평동 양곱창 골목 맛집으로 손님이 엄청 많으며, 깡통시장 2분거리에 있음"
부산광역시,동구,한식,"간장,매운소갈비",언덕너머한우,언덕너머한우,깔끔한 고기맛이 일품. 소고기국밥 국물이 압권
부산광역시,중구,한식,"장어,꼼장어",성주장어구이,성주장어구이,큼지막한 장어가 살이 통통하고 부드러움.멋쟁이사장님 포스 최고
부산광역시,영도구,한식,스지전골,왔다식당,왔다식당,한우스지전골을 저렴하게 즐길 수 있음. 수육도 맛이 끝내줌
부산광역시,동구,한정식,백반,한진식당,범일동 한진식당,메뉴 only one!!! 1인 6천원….고향 할머니 밥상!!!
부산광역시,기장군,해산물,해삼,4번 할매집,연화리 전복죽,모듬해물(5만원)+전복죽(1만)존나 행복함!!! 카드 사절…온니 현금만
부산광역시,금정구,한식,"삼겹살,목살",고굽납,구서동 고굽남,구서동의 떠오르는 고깃집
부산광역시,금정구,한식,주꾸미,구서쭈꾸미,구서쭈꾸미,맛있는 합리적인 가격
부산광역시,금정구,한식,냉동삼겹살,오시게상회,구서동 오시게상회,"냉삽겹,갈비등을 짜파게티,비빔면과 함께 곁들일 수 있는 이색적인 식당"
부산광역시,사상구,한식,족발,홍소족발,구서동 홍소족발,떠오르는 족발명소
부산광역시,사상구,한식,돼지국밥,합천돼지국밥,합천돼지국밥,24시간 국밥 집으로 식사시간대는 자리가 없어 못들어감. 맛집
부산광역시,사상구,국밥,돼지국밥,합천돼지국밥,사상 합천돼지국밥,"24시간 운영되는 돼지국밥집으로 남녀노소 누구나 맛있게 드실 수 있고 아침 해장, 간단한 점심식사, 저녁은 반주와 함께 즐길 수 있는 부산의 대표 먹거리 임."
부산광역시,수영구,일식,회,마라도,수영구 마라도,"가격이 좀 비싼편이나, 당일 신선한 해산물과 회를 코스로"
부산광역시,수영구,닭발,"닭발
조개탕",닭발의 지존,닭발의 지존,평일에도 줄서서 먹는 마성의 소스로 만든 닭발집
부산광역시,수영구,돼지국밥,돼지국밥,수영 돼지국밥,수영 돼지국밥,뽀얀국물이 특징인 대표 해장음식(수요미식회 방송집)
부산광역시,연제구,국수,물밀면,국제밀면,국제밀면,부산광역시 여름 대표음식인 밀면의 참맛을 느낄수 있는곳
부산광역시,연제구,소고기/돼지고기,한돈세트,우리동네 후발대,우리동네 후발대,연제구에서 돼지고기가 제일 맛있는 맛집
부산광역시,진구,족발,족발,영심이 왕 족발,영심이 왕 족발,육질이 부드럽고 정말 쫀득한식감으로 한메뉴(족발)만 판매하는 곳
부산광역시,해운대구,곱창,"곱창,막창",해성막창집,해운대 해성막창집,해운대 이마트 인근 맛집으로 이른시간에 가지 않으면 자리가 없음
부산광역시,해운대구,빙수,팥빙수,옛날팥빙수,옛날팥빙수,여름에 시원한 빙수 한그릇
부산광역시,해운대구,조개구이,조개구이,방갈로 끝집,방갈로 끝집,분위기가 좋은집
부산광역시,해운대구,해산물,해운대 포장마차촌,포장마차촌,해운대 포장마차촌,"국제영화제시 연애인들도 많이 오는 분위기, 맛집"
부산광역시,해운대구,"동래파전, 동태전, 갑오징어 숙회 등","학사주점(막걸리,소주)",취화선,해운대 취화선,현지인도 365일 줄서서 먹는집
서울특별시,강남구,중식,낙지짬뽕,안사부,안사부짬뽕,"비주얼과 맛 모두 최고, 내용물을 보면 가성비 최고. 양과 재료, 맛과 비주얼 모두 최고~!"
서울특별시,강남구,한식,순대국,농민백암순대,농민백암순대,"수요미식회에 소개된, 국물이 진하고 건더기가 가득한~!! 순대국 갑오브갑"
서울특별시,강남구,한식,족발,뽕족,뽕족,"비교불가한 부드러움이 특징인 족발로, 부드러운 족발을 좋아하신다면, 뽕족~!!"
서울특별시,강남구,한식,생태찌개,아야진생태찌개,아야진생태찌개,얼큰하고 개운한 맛의 생태찌개. 신선한 재료들로 최강 깔끔한 맛의 생태찌개
서울특별시,강남구,한식,추어탕,인평일등추어탕,인평일등추어탕,"국내산 미꾸라지로 만든, 영양만점 보양식. 매운맛과 순한맛 선택 가능하며 8,000원 부담없는 가격 "
서울특별시,강북구,한식,"닭도리탕(오리지널,마늘,카레)", 쪽쪽이네,"쪽쪽이네, 미아사거리 닭도리탕집","여러가지 신선한 재료로 만든 소스를 48시간이상 숙성시켜 다른집에비해 육질과 맛이 좋으며, 
12호 닭을 사용하여 고기의 양이 30% 정도 더 UP됨."
서울특별시,강북구,한식,"소 곱창,막창,양",숯불곱창 양대꾸이,"숯불곱창 양대꾸이, 미아사거리 소곱창집","미아사거리 소곱창집중 가장 리뷰(인기)가 좋은 집이며,적당한 가격대에 비해 질이 좋음.(양보단 질)"
서울특별시,강북구,한식,감자탕,장수 감자탕,"장수감자탕,미아사거리 감자탕","양도푸짐하며 맛도 좋으며 인테리어가 깔끔함 , TV 방영으로 소개되어 어느정도 인증됨"
서울특별시,강서구,한식,족발,대흥왕족발,강서구 대흥왕족발,"맛 최고, 서비스 최고, 푸짐한 메뉴까지!!"
서울특별시,강서구,한식,칼국수 버섯매운탕,등촌 칼국수 버섯매운탕,등촌 최월선칼국수,"합리적인 가격, 버섯칼국수 매운탕 원조 맛집(맛집 방송 다수 방연)"
서울특별시,강서구,한식,감자탕,마반장,마반장,TV나온 맛집. 감자탕이 정말 맛있음
서울특별시,강서구,한식,한우곱창,옛날한우곱창전문,등촌동 옛날한우곱창전문,진정한 한우곱창 맛집
서울특별시,강서구,한식,닭도리탕,유림보신원,유림 보신원,얼큰 칼칼한 토종 닭도리탕(맛집 방송 다수 방연)
서울특별시,강서구,한식,김치만두,코끼리 분식,등촌동 코끼리만두,"피는 얇고 속은 꽉 찬 김치 만두 단일메뉴!(일명 이영자만두)
 메뉴 : 김치만두, 김치만둣국, 김치떡만두국 3가지메뉴"
서울특별시,광진구,"떡복이,튀김,핫도그",떡복이,신토불이,신토불이 떡복이,매콤한 떡복이 양념이 일품입니다.
서울특별시,광진구,"도가니탕, 수육","도가니탕, 수육",민정식당,민정식당,일반 식당에서는 쉽게 접할 수 없는 음식
서울특별시,구로구,닭갈비,숯불닭갈비,신도림 [강촌 닭갈비],신도림 강촌 닭갈비,TV프로그램 수요미식회 출연으로 시청자에게 많이 알려진 장소임.
서울특별시,구로구,요리주점,맞춤전,춘자싸롱,구디 춘자싸롱,비오는 날 술을 부르는 맛있는 안주가 가득한 주점
서울특별시,구로구,일식,참치회,니와참치,구디 니와참치,구로점 직원들의 회식 1순위 장소
서울특별시,구로구,중식,짬뽕,도원,구디 도원,깔끔하고 개운한 맛이 일품
서울특별시,구로구,한식,"복요리, 조개","굴러 들어오 복/
숙이네 조개전골","굴러 들어오 복/
숙이네 조개전골","복요리 및 조개요리를 함께 즐길 수 있는 음식점
특히 복지리는 해장에 기가막힘…"
서울특별시,구로구,한식,삼겹살,충청남도식당,구디 충청남도식당,식육식당으로 신선한 고기를 즐길수 있음 / 단가가 저렴한거에 비해 고기의 질이 좋음
서울특별시,구의동,한식/술집,"제육볶음,동태탕,부대찌개",엄탕,엄탕구의점,"저렴한 가격으로 식사+술 가능, 음식 솜씨가 좋고 양이 많음. 지역주민들 많이 옴"
서울특별시,군자동,곱창,모듬 소 곱창,대한곱창,대한곱창,"냄새가 나지 않고, 쫄깃함,곱이 풍부함"
서울특별시,금천구,한식,양평해장국,우리소 양평해장국,우리소양평해장국본점,진하고 양도 많은데 가격까지 착함
서울특별시,금천구,"아구찜, 닭볶음탕",닭볶음탕,수원식당,시흥사거리 수원식당,밑반찬이 많고 가성비 최고~~
서울특별시,강동구,일식집,모듬회,교토 일식,쿄토 일식,"깔끔하고 , 신선한 회"
서울특별시,노원구,한식,명태조림,이종구 낙지세상,이종구 낙지세상 본점,여기 명태조림은 정말 밥 도둑
서울특별시,마포구,한식,소고기 보신탕 전골,마포 우사미,마포 우사미,소고기로 보신탕과 같은 맛이 나는 전골 맛집
서울특별시,종로구,중식,중국요리,명보성,성균대 명보성,"짜장면,짬뽕이 일품이며, 분위기 또한 좋다,tv 방영 많이 된 업소"
서울특별시,양천구,일식,사시미모리아와세,쿠마카세,오목교쿠마카세,가격이 좀 비싸지만 자리가 없어 기다리면서 먹는 맛집
서울특별시,양천구,중식,"찹쌀탕수육,짜장면",현경,오목교 중식,중국요리중 가장 맛있는곳이며 가성비 값
서울특별시,양천구,한식,"삼겹살,동태탕",대관령 동태탕,오목교 대관령동태탕,삼겹살 및 동태탕이 맛있어 점포 회식도 자주함
서울특별시,양천구,한식,아구찜,순이네 아구찜,순이네 아구찜,양이 엄청 많고 양념도 잘베어 있어 자주 찾는 맛집
서울특별시,양천구,한식,영양탕,양천식당,양천식당,양도 푸짐하고 가볍게 몸보신 원하시는 분들에게 강추합니다.
서울특별시,양천구,한식,꼼장어,엉털네 숯불꼼장어,엉털네 숯불꼼장어,꼼장어 1접시 만원으로 가성비가 좋아 많이 찾는 맛집
서울특별시,양천구,한식,통삼겹살/목살,일미락,목동일미락,통삼겹살 구워서 잘라주고 밑반찬도 훌룡하며 수요미식회 방송
서울특별시,양천구,한식,황제물회,주문진횟집,오목교 물회,가격은 좀 있지만 푸짐한 해삼물이 가득하고 맛있음
서울특별시,양천구,한식,지리산 흑돼지,향촌숯불갈비,목동향촌숯불갈비,지리산 흑돼지가 유명하며 사장님 친절함
서울특별시,영등포구,고기,삼겹살등,버치,문래동 버치,"맛도 맛이지만,맛있게 만드는 인테리어. 계란후라이는 셀프로 무제한"
서울특별시,중랑구,한식,해물찜,찜집,찝집 본점,콩나물 보다 해물이 정말 많이 들어간 해물찜 
서울특별시,동작구,한식,삼겹살,구뜰집,구뜰집,초벌구이 삼겹살이 맛있는집~!!
서울특별시,동작구,한식,곱창,낙성곱창,낙성곱창,이수역 근처 곱창이 맛있음.
서울특별시,동작구,한식,전,전주전집,전주전집,"백종원 3대천왕에 소개된 맛집. 양도 많고, 다양한 종류의 전을 저렴하게~!!"
서울특별시,동작구,해산물,갑오징어,조가네 갑오징어,조가네갑오징어 사당점,갑오징어 요리의 갑~!! 맛이 최고
서울특별시,중랑구,한식,"곱창,막창",이주소곱창,이주소곱창,"곱창,막창 맛집이며, 최소 30분 이상 대기하셔서 들어갈 맛집"
서울특별시,욕산구,한식,닭볶음탕,호수집,충정로 호수집,신규 이용가능한 포포인츠호텔에서 도보10분거리!사원강추코스!
서울특별시,성북구,족발,한방족발,장수한방족발,장수한방족발,"깔끔한맛,정갈한 반찬, 족발의 다양화,2층 단독 회식가능(15~20명)"
서울특별시,성북구,짬뽕,차돌짬뽕,보배짬뽕,보배짬뽕 하월곡본점,"불맛 나고, 구수한 짬뽕"
서울특별시,성동구,한식,코다리찜,미정이네식당,미정이네식당,성수동 뚝도시장 맛집이며 맛이 좋아 이마트 사원들도 자주 찾음
서울특별시,성동구,한식,"대패삽겹살, 감자탕",서울맛집,뚝도시장 서울맛집,"가격 대비 맛, 상품 품질 우수"
서울특별시,송파구,한식,아구찜/해물찜,가락골 마산 아구찜,가락골 마산 아구찜,"부담없는 가격,푸짐한 양,맛 최고!!"
서울특별시,강남구,일식,돈까스,구찌라꾸,구찌라꾸,일본식 돈까스 맛집 까스류 뿐아니라 우동 덥밥 등 모든메뉴가 일품
서울특별시,강남구,한식,황태,수서역 황태명가,수서역 황태명가,황태구이와 찌개류 등 각종한식류 판매로 대모산 등산인들 인기 맛집
서울특별시,강남구,한식,아구찜,일미원,일미원,가든형식의 음식점으로 아구찜 복찜이 일품 수서동 소문난 맛집
서울특별시,강남구,한식,청국장,청국장과 보리밥,청국장과 보리밥,웰빙 맛집으로 점심시간은 줄서서 기다릴정도로 찾는 인기 맛집
서울특별시,강남구,육류,양꼬치,짱수양꼬치,수서동 양꼬치,양꼬치 집과 쌀국수집이 같이 붙어 있어 쌀국수도 같이 즐길 수 있어서 좋았어요
서울특별시,영등포구,한식,꼼장어,부산 자갈치 꼼장어,부산 자갈치 꼼장어,꼼장어와 막창이 맛있는 신길동 숨은 맛집. 
서울특별시,구로구,한식,닭갈비,강촌숯불닭갈비,강촌숯불닭갈비,"수요미식회에 나온 맛집며,숯향이 고기에 베어 맛이 기가 막힘"
서울특별시,구로구,한식,추어탕,남원가마솥추어탕,남원가마솥 추어탕,"다슬기추어탕 추천드리며,2인이상시 수제비가 서비스제공!!"
서울특별시,구로구,한식,곱창모둠,대왕곱창,신도림 대왕곱창,"초벌을 해주기에 냄새가 안나며 곱이 꽉찼고,사장님 인심이 후함!"
서울특별시,구로구,한식,조개찜,숙이네 조개전골,신도림 숙이네조개전골,양도 푸짐하고 맛도 좋으며 마지막 칼국수가 예술~!
서울특별시,구로구,한식,반반족발,참족발,신도림 참족발,반반 족발 강력추천~!매운 맛이 올라오면 냉콩나물 국물로 마무리~
서울특별시,양청구,한식,보리밥정식,보리밭토속음식점,보리밭토속음식점,가격이 싸고 반찬이 많이 나오며 쌈을 좋아하시면 강추합니다
서울특별시,광진구,도가니,도가니 수육,민정식당,민정식당,다른 수육가 다르게 끓여 먹는 수육으로 깊은 맛과 육질이 부드러움
서울특별시,서초구,양식,파스타,비스트로 이안스,비스트로 이안스,"이탈리안 레스토랑&펍으로 식사를 하거나 맥주, 와인등을 마실 수 있는 작은 공간으로 파트타와 감바스를 비롯한 모든 메뉴가 맛있는 레스토랑."
서울특별시,서초구,한식,안동 국시,소호정,소호정 ,청와대에 올라갔다던 안동 국시가 일품인 소호정. 수요미식회에도 소개된 맛집으로 함께나오는 반찬 역시 맛이 정말 좋음.
서울특별시,서초구,한식,족발,송이족발,양재 송이족발,부드럽고 고소한 족발이 맛이 있어 양재동 사람들의 많은 사랑을 받고 있는 맛집
서울특별시,서초구,한식,족발,영동 족발,영동 족발,매스컴에도 자주 소개된 3대 족발로 부드럽고 탱탱한 맛이 일품.
서울특별시,서초구,한식,칼국수,임병주 산동 칼국수,임병주산동칼국수,30년 전통을 자랑하는 손칼국수 전문점으로 2년 연속 미쉘린 가이드에 등재될 만큼 맛있으며 시원한 국물과 푸짐한 양(면 리필가능)을 자랑함.
서울특별시,서초구,한식,닭갈비,화덕 닭갈비,화덕 닭갈비,화덕에서 초벌이 되어 나오는 닭갈비로 부드러운 식감과 많은 양 그리고 야채와 떡을 무한으로 먹을수 있는 샐러드바가 있어 더욱 사랑받는 맛집.
서울특별시,양천구,중식,짜장면,중화루,중화루,"식당이 작지만, 군인들이 많이 이용하고, 배달음식으로 맛집으로 소문난 집"
서울특별시,양천구,한식,해물찜,바다가 요리한 찜,바다가요리한찜,"신월동에 인기 식당이며, 해물찜이 맛있음."
서울특별시,양천구,한식,돼지뽈살구이,원조돼지뽈살구이,원조돼지뽈살구이,"TV나온 맛집. 뽈살구이가 맛있고, 많이 찾으심."
서울특별시,영등포구,한식,볶음,별미볶음점,여의도 별미볶음점,평범한 제육볶음처럼 보이지만 불맛이 살아 있는 여의도 맛집
서울특별시,영등포구,한식,삼겹살,서글렁탕,서글렁탕,삼겹살은 냉동이지만 특제소스에 굽게되면 분위기 반전 냉동같지 않은 삼겹살을 먹을수 있는 곳
서울특별시,영등포구,한식,"설렁탕,곰탕",서울깍두기,서울깍두기,여의도내 가성비가 훌륭하며 맛있는 반찬에 후한 사장님 인심
서울특별시,영등포구,한식,삼겹살,예성가든,예성가든,제주 흑돼지를 여의도에서 무한으로 먹을수 있는집 정갈한 반찬과 분위기 또한 일품
서울특별시,영등포구,한식,족발,오향만족,오향만족,누구나 알고 있는 오향만족이 여의도에도 있다 설명이 필요없는곳 소주가 땡기면 만족으로~!
서울특별시,영등포구,일본식 꼬치구이,모둠꼬치,치로,치로,직화로 바로 구워낸 꼬치구이의 진정한 맛
서울특별시,영등포구,한식,한우국밥,3일한우국밥,영등포 3일한우국밥,"tv에도 많이 소개되었지만,결코 맛이 변하지 않은….  
국내산 한우를 3일간 숙성하여 사용"
서울특별시,영등포구,한식,꼬리수육,대한옥,영등포 대한옥,"부추 가득양념에 꼬리수육,서렁탕 국물은 무한리필 / 영등포시장내 위치한 꼬리찜집!입구에서 멈칫!맛에서 놀람^^"
서울특별시,영등포구,한식,돼지갈비,부일갈비,영등포 부일갈비,갈비의 육질을 느낄수 있는 곳/껍데기도 맛있음.
서울특별시,영등포구,한식,순대국,호박집,영등포시장 호박집,"50년이 넘은 전통,부속물이 아낌없이 들어가 있고 맛있게 한끼즐길수 있는곳"
서울특별시,용산구,삼겹살,오겹살,제주아방,제주아방,육즙이 살아있는 쫄깃한 제주산 오겹과 얼큰하고 담백한 순두부찌게(서비스) 조화
서울특별시,은평구,한식,아구찜,경남아구찜,경남아구찜,은평뉴타운 맛집
서울특별시,은평구,한식,삼겹살,화통삼,화통삼,은평구 삼겹살맛집
서울특별시,은평구,한식,"국수,감자만두",멸치국수,응암동 멸치국수,국물이 시원하고 깔끔한 육수사용으로 응암동 맛집
서울특별시,의정부,한식,부대찌개,오뎅식당,의정부 오뎅식당,부대찌게 1호점이며 부대찌개 커플세트가 가장 인기
서울특별시,광진구,가정식백반,한식부페(기사식당스타일),수빈식당,자양동 수빈식당,"동네주민 단골집,  사장님이 정읍출신으로 골목상권에서 음식솜씨 좋기로 정평나있음"
서울특별시,광진구,"곱창,닭발",야채곱창,왕십리불로원곱창,자양동불로원곱창,"양이 굉장히 많고, 체인점인데 자양동지점이 맛이 뛰어남. 숯불로 한번 구어내서 구린내가 안남
인기메뉴는 야채곱창이며, 당면이 보들보들하고 굉장히 맛있음. 다소 자극적인 맛."
서울특별시,광진구,분식포차,"떡볶이, 오뎅, 소주",골목떡볶이,자양동골목떡볶이,"저렴한 가격의 분식메뉴에 소주한잔하기에 굉장히 좋음. 배도채우고 술도 먹고, 해장까지 가능"
서울특별시,광진구,"해장국,찌개,불고기백반",돼지불고기백반,송림식당,송림식당,"손님이 굉장히 많음. 유명맛집에 온 느낌. 돼지불백에 반찬야채를 마음껏 넣고 볶음밥 비벼먹으면 됨.
양은 생각보다 많지 않으나, 대규모 인원이 들어갈수 있고, 택시기사들이 굉장히 많이 옴."
서울특별시,종로구,토소음식,모듬전,꽃피는산골,종각 꽃피는산골,토속적인 분위기속 숨은맛집!소규모 회식장소로 강추
서울특별시,종로구,한식,뼈다귀해장국,영춘옥,종로3가 영춘옥,"74년 전통 해장국과,뼈다귀찜이 일품＊송해선생님 자주출현"
서울특별시,중구,"쌈싸먹는 김치찌게, 삽겹살",쌈싸먹는 김치찌게,은주정,은주정,"푸짐하고 맛있는 쌈싸먹는 김치찌게, 수요미식회 김치찌게 추천집"
서울특별시,중랑구,한식,"동태탕,코다리조림",동해세수대야 동태탕 상봉점,동해세수대야 동태탕,"점장님, 총괄님도 인정하시는 맛집으로 가격대비 맛도 좋아 얼큰한 국물이 생각나면 딱 좋은 식당입니다. 코다리 조림도 맛이 일품입니다."
서울특별시,중랑구,한식,철판곱창,울타리철판곱창,울타리철판곱창,"치즈곱창,야채곱창 식사 후 볶음밥이 맛있는집"
서울특별시,중랑구,한식,소고기,고려관,고려관 본점,샐러드바가 있는 가족 모임하기 좋은 소기기 맛집
서울특별시,강동구,일식집,연어덮밥,안녕식당,안녕식당,"빈티지한 분위기 , 저렴한 가격에 깔끔한 음식"
서울특별시,강동구,쭈꾸미/삼겹살,쭈삼,쭈꾸쭈꾸쭈꾸미,쭈꾸쭈꾸쭈꾸미,매콤한 쭈꾸미 삼겹살이 일품임
서울특별시,강동구,한식,육개장,원미정,원미정,진한 육개장 국물
서울특별시,동대문구,퓨전한식,퓨전한식,상생장,청량리 루프탑,이색안주와 청과물시장내 위치한 옥상휴게소!밥+술이 일품!
울산광역시,남구,"복어류, 아구류","복국, 아구탕",이어도,울산 이어도,전날 술먹은후 해장에는 최고
울산광역시,울산 주전,회,물회,동남횟집,주전 동남횟집,지역주민 + 관광객이 찾는 물회 맛집
울산광역시,울주군,"오리, 닭 전문요리",오리백숙,미풍향가든,미풍향가든,오리백숙 전문점이며 주변 분위기도 좋음.
인천광역시,동인천,중식,볶음밥,용화반점,용화반점,볶음밥과 짬뽕밥이 맛있는집
인천광역시,부평구,한식,훈제육+우렁쌈밥,오구당당,부평 오구당당,논우렁 제육 쌈밥집 중 최고
인천광역시,서구,중식,탕수육,중국집 손짜장 마루,손짜장 마루,바삭하고 고소한 찹살탕수육과 수타 짜장면이 맛집
인천광역시,서구,한식,메밀막국수/메밀전병,강릉해변메밀막국수,강릉해변메밀막국수,더운여름 양념 많이 들어간 메밀 막국수 생각납니다 여기에 방금 나온 따끈한 전병 한입이면 더위도 식히고 속도 땃땃하니 좋아요
인천광역시,서구,한식,꼼장어,검암뒷고기숯불꼼장어,검암뒷고기숯불꼼장어,숯불에 구운 꼼장어를 맛보기 위해 긴줄을 서는 식당
인천광역시,서구,한식,오리볶음탕,시굴집,시굴집,농장 직거래와 직접 만든 반찬으로 오리볶음탕이 더 맛있음
인천광역시,서구,한식,고추장 추어탕,연락골 고추장 추어탕,연락골 고추장 추어탕,고추장 맛을 낸 추어탕과 맛갈나는 조개젓갈이 일품
인천광역시,서구,한식,오리진흙구이,유천가든,유천가든,진흙으로 3시간 구운 오리훈제구이 맛집
인천광역시,서구,한식,삼겹살,육썸,검단 육썸,두툼한 고기와 묵은지찌개/ 차돌된장찌개의 세트메뉴를 추천!
인천광역시,서구,한식,양념구이,촌장골,검단 촌장골,런치 스페셜 촌장구이 정식은 가성비 최고
인천광역시,서구,한식,백숙,한울능이버섯백숙,한울능이버섯백숙,맛있는 집 발굴 경연대회에서 최우수상을 받은 능이버섯백숙 맛집
인천광역시,서구,한식,막국수,홍장표동해막국수,홍장표동해막국수,시인이 운영하며 넓은 정원과 기와집이 멋진 식당
인천광역시,연수구 동춘동,"육개장, 오리고기, 닭볶음탕",육개장,송돗골,송돗골,30년 전통의 맛집으로 체인점이 아니며 인천대표 맛집 블로거들이 자주 찾는다는 숨겨진 맛집임. 하얀 육개장이 가장 유명함
인천광역시,연수구 연수동,"막창, 곱창","막창, 곱창",송도막창,송도막창구이,"통상 술안주로 생각할 수 있으나 가족단위 식사를 즐기는 사람들이 많으며 특히, 김치류와 청국장이 일품인 식당으로 평일 저녁의 경우 대시시간이 약 30분이상일 정도로 알고 있는 사람들만 찾아다니는 맛집임"
인천광역시,연수구 연수동,삼겹살,해물삼겹살,예솔해물삼겹살,예솔해물삼겹살,신선한 해물과 삼겹살을 함께 즐길 수 있는 맛집으로 해물의 신선도가 일반 수산물 가게보다 좋음
인천광역시,영종도,한식,3가지 정식,기와집담,덕교동 기와집담,"한옥 스타일로 한정식 같은 기본 상차림과 식사메뉴가 맛이 좋고, 고급스러움"
인천광역시,영종도,한식,보쌈 한정식,나들목 보쌈 한정식,나들목 보쌈 한정식,"푸짐한 한정식 한상으로 맛도 좋고, 1인 15,000원으로 가격도 착함."
인천광역시,영종도,한식,"해물밥상, 전골칼국수",소나무식당,덕교동 소나무식당,"젊은 트렌드에 맞춘 카페분위기로 음식이 정갈하고, 깔끔함."
인천광역시,영종도,한식,"물회,회무침",슬기네,영종도 슬기네,푸짐한 양과 인심으로 주민들에게 입소문난 20년 전통 맛집
인천광역시,영종도,한식,"칼국수, 해물파전",우리밀칼국수,덕교동 우리밀칼국수,"해물, 바지락이 많아 국물이 시원한 칼국수와 바삭한 식감이 일품인 해물파전"
인천광역시,영종도,국수,칼국수,황해해물칼국수,황해해물칼국수,을왕리에서 유명한 맛집으로 강력추천
인천광역시,영종도,커피,커피,마시란비치하우스,마시란비치하우스,을왕리근처 힐링할수 있는 커피숍(갯벌도 들어갈수 있음)
인천광역시,인천 남구,양식,피자,리골레토 시카고피자,인하대 시카고 피자,두툼한 피자한 유명한 맛집
인천광역시,인천 남구,한식,아귀찜,성짐물텀벙,용현동 성진물텀벙,용현동 물텀벙거리 맛집 수요미식회 방송에 소개될 정도로 유명함
인천광역시,인천 남구,한식,한우/갈비탕,한우왕국,주안 한우왕국,"한우/갈비탕,우거지탕 저렴한 가격에 맛집 추천"
인천광역시,인천 서구,한식,닭발,국민닭발,국민닭발,술안주 추천
인천광역시,인천 연수구,구이,해물삼겹살,예솔,예솔,가성비굿
인천광역시,인천 연수구,한식,냉면,더 함흥냉면1937,더 함흥냉면,냉면 갈비찜 명장 쉐프가 조리하는 맛집으로 현지인이 추천
인천광역시,인천 연수구,한식,칼국수,박승광최강해물칼국수,동춘동 해물칼국수,인천 칼국수 맛집으로 소문난 곳
인천광역시,인천 연수구,한식,갈비,송도이동갈비 연수점,송도이동갈비 연수점,가족모임으로 좋은분위기 연출 되었고 고기맛도 좋음
인천광역시,인천 연수구,한식,꼼장어,오서방 연탄석쇠구이,연수동 오서방연탄석쇠구이,술안주 추천
인천광역시,인천 중구,카페,차/디저트,담쟁이넝쿨,자유공원 담쟁이넝쿨,가족과 연인이 찾는 분위기 좋은 카페 추천
인천광역시,인천 중구,한식,스지탕,다복집,신포동 다복집,술안주 추천
전라남도,담양군,돼지갈비,담양식 돼지갈비,쌍교숯불갈비,쌍교숯불갈비,깔끔하고 정갈한 밑반찬과 굽는 번거로움 없이 바로먹을 수 있는 담양식 돼지갈비
전라남도,담양군,한식,멸치국물국수,진우네국수,진우네국수,"저렴한 가격에 맛도 좋고, 경치도 좋은곳"
전라남도,담양군,한식,숯불갈비,쌍교 숯불갈비,담양 쌍교 숯불갈비,가족 단위 식사를 많이하는 곳으로 매콤한 갈비에 마늘 하나 올려서 먹으면 입에서 사르르~ 
전라남도,담양군,한정식,떡갈비,담양애꽃,담양애꽃,맛있고 친절해서 추천합니다.
전라남도,목포시,일식,민어회,영란횟집,영란횟집,민어 코스요리 중 회무침 과 민어 전이 이색적인 맛과 일품임.
전라남도,목포시,한식,꼬리곰탕,대명관,대명관,꼬리곰탕 진한 육수 맛과 부반찬 양념게장이 일품임.
전라남도,목포시,한식,꽃게살 비빔밥,장터식당,장터식당,비빔밥에 들어가는 양념장(비법)이 게살과 잘어울어짐.
전라남도,목포시,한식,선지해장국,김정림선지해장국,김정림선지해장국,"선지 무한리필을 자랑하며, 진한 육수가 해장국에 선두자임."
전라남도,목포시,한식,생선 조림,진상,진상,"제철(병어,갈치)의 생선조림이 일품,점심특선 애호박찌개 가성비 갑"
전라남도,목포시,한식,장어탕,강남가든,강남가든,장어탕 식당이지만 메기탕 또한 일품임.
전라남도,목포시,한식,낚/소고기 탕탕이,하당먹기리,하당먹거리,"목포 블로거 음식 1위 , 스끼로 미역국 단연최고 "
전라남도,목포시,한식,곱창,제일돌곱창,제일돌곱창,"가격대비 다소 부담은 있지만, 곱창맛을 느끼면 아깝지 않은 가격임."
전라남도,목포시,제과제빵(디저트),크림치즈바게트빵/생크림빵/새우바게트빵,코롬방제과,목포 코롬방제과,여기는 크림치즈와 생크림을 좋아하시는 분들은 꼭 추천 드려요 택배로도 받을 수 있지만..제가 먹어본 결과 직접 가서 갓나온빵을 드시는게 더 맛있습니다 게장 비빔밥 먹고 난 후 간식 개념으로 먹으시면 최고!!ㅋㅋㅋ(갠적으로 전 새우바게트빵은 새우깡 맛이 나서 호불호가 갈릴듯 하고 크림치즈와 생크림빵은 정말 추천드려요^^)
전라남도,목포시,한식,삼합 및 꽃게장,인동주 마을,인주주 마을,"목포지역 홍어삼합 과 꽃게장,특허 인동주 막걸리가 유명한집이며 현지인들도 많이 찾는 맛집입니다"
전라남도,목포시,한식,꽃게살 비빔밥,장터식당,목포장터식당,꽃게살을 발라서 나와 밥에 비며 먹으면 짱이에요!!게장 좋아하시는 분들 또는 게장을 좋아하지만 살 발라먹기 귀찮으신분들은 꼭 한번 드셔보세요~
전라남도,순천시,고기,한우모듬,순천금천축산,순천 금천축산,하루 판매량만을 직접손질한 쇠고기모듬을 즐길수 있는 맛집
전라남도,순천시,통닭,후라이드,풍미통닭,풍미통닭,백종원의 3대천왕에 뽑힐정도로 맛있는 맛집.
전라남도,순천시,한식,대구탕,조은가든,조은가든,순수만든 밑반찬과 맑은 대구탕을 즐겨찾는 맛집.
전라남도,순천시,한식,갈비탕,우리식당,우리식당(오천점),큼직한 갈비살을 단백한국물과 부드럽게 드실수 있는 맛집
전라남도,순천시,한식,냉면,묵사발,묵사발,냉면과 묵정식이 유명한 맛집. 
전라남도,순천시,한식,항아리 수제비,송치마을,송치마을,"국물이 시원하고 가격이 합리적이며, 가족단위 추천"
전라남도,여수시,일식,"전어회,하모,굴구이",대풍마차,대풍마차,시즌 해산물요리를 푸짐한 밑반찬과 드실수 있습니다
전라남도,여수시,일식,"선어회,아구찜",묵돌이식당,묵돌이식당,싱싱한 선어회와 아구찜 회무침등을 드실수 있습니다
전라남도,여수시,한식,돌게장 정식,이화식당,여수 이화식당,여수 대표 추천음식 돌게장을 합리적인 가격으로 드실수 있습니다
전라남도,여수시,한식,돌게장 정식,싱싱게장마을,여수 싱싱게장,돌게장을 푸짐한 밑반찬과 함께 들실수 있습니다
전라남도,여수시,한식,전복죽,아와비,돌산 아와비,싱싱한 자연산 해산물 회/밑반찬과 전복죽을 드실수 있습니다
전라남도,여수시,한식,"바다장어 구이,탕",산골식당,여수 산골식당,"싱싱한 바다장어 소금,양념구이를 들실수 있습니다"
전라남도,여수시,한식,"통장어탕,구이",동백꽃식당,여수 동백꽃식당,우거지 통장어탕과 구이를 드실수 있습니다
전라남도,여수시,일식,선어회,송백,여수 송백,타 지역에서 맛 볼수 없는 선어를 맛있게 즐길 수 있음
전라북도,군산,한식,장어,숯불구이 장어골,군산 장어골,"잡내가 나지 않으며, 미리 살짝 꾸어주는 센스까지 거기에 맛까지 좋은 맛집 "
전라북도,군산,한식,꽃게장,군산 계곡가든,군산 계곡가든,"직접 꽃게장 양념을 하고있으며 신선도 UP 생각보다 무난한
가격으로 지역 현지인에게 인기가 많음  "
전라북도,군산,한식,냉면,뽀빠이냉면,뽀빠이냉면,64년 정통과 옛날맛 그대로 군산표 평양냉면 시원하고 개운한 맛이 일품   
전라북도,군산시,한식,간장게장,유성가든,군산 유성가든,"갓 지은 뜨끈한 돌솥밥에 짜지않고 맛있는 간장게장으로 쓱싹 비비면 진정한 밥도둑,포장도 가능하여 선물용으로도 최고임"
전라북도,남원,한식,삼겹살,꽃돼지식당,꽃돼지식당,"삼겹살을 주문하면 홍어찜,코다리찜,부침개,조개탕이 서비스!!! 전라도 스타일의 푸짐한 인심"
전라북도,남원,한식,연탄갈비,동막골,동막골,연탄갈비구이에 막걸리~ 값비싼 한정식이 부럽지 않은 20가지의 맛있는 반찬!!!
전라북도,남원,한식,뼈다귀탕,25시 뼈다귀탕,25시 뼈다귀탕,통통한 살이 많은 목/등뼈와 진한 국물 일품!!! 바로 무쳐주는 오이무침이 끝내줘요~  
전라북도,익산,간식,시장통닭,솜리 치킨,솜리 치킨,"익산지역은 시장통닭이 매우 유명함. 그중 가장 인기있고 오래된 시장통닭 집
(놀러갈땐 1마리씩 튀겨가는게 이지역 특성)"
전라북도,익산,중식,교동짬뽕,교동짬뽕,교동짬뽕,전국에 다있긴한 짬뽕집. 익산 체인점도 맛있음^^
전라북도,익산,한식,육회 비빔밥,진미식당,익산황등 진미식당,백종원 3대천왕 방영 맛집. 실제 현지에서도 육회를 좋아하는 사람들이 많이 찾음
전라북도,익산,한식,칼국수,싱그랭이,싱그랭이,"익산 외곽 시골에 위치해 있으며 담뱍한 칼국수 와 아이들과 함께 즐길수있는
고구마구워먹는 아궁이가 있어 이색적임"
전라북도,익산,한식,곰탕,정원곰탕,정원곰탕,"옛날가옥을 그대로 유지하였으며, 앞마당 정원이 일품,
진한 곰탕또한 일품 '지역에서도 아는 사람만 찾는 집'"
전라북도,익산,한식,우럭탕,서해명가,서해명가,"탕정식(우럭탕,알탕 등등) 기본 15찬이상 되는 반찬과 얼큰하고 담백한 탕맛이 일품"
전라북도,익산,한식,홍어내장탕,영빈회관,영빈회관,"탕정식(우럭탕,알탕 등등) 기본 15찬이상 되는 반찬과 얼큰하고 담백한 탕맛이 일품"
전라북도,익산,한식,칼국수,태백 칼국수,태백 칼국수,익산역 인근에 있는 오래되고 꾸준히 사람들이 찾는 칼국수집. 겉절이까지 맛있는집.
전라북도,익산,한식,고기국수,제일고기국수,제일고기국수,고기와 국수의 이색적인 만남. 상상하는 바로 그맛!
전라북도,익산,한식,순대국밥,들머리 고향순대,들머리 고향순대,"맑은 육수에 내장,순대등. 한번먹으면 일주일에 한번이상 찾아감"
전라북도,익산,한식,소곱창낚지볶음,동서네낙지(본점),동서네낙지(본점),매콤한 낚지와 소곱창 여성분들에게 많은 인기!
전라북도,익산,한식,불낙/게장정식,조선옥,조선옥,"깔끔하고 정갈한 분위기에 불낙전골, 게장(간장/양념)이 인기있는집 '부모님 모시기 좋음'"
전라북도,익산,한식,토종닭도리탕,백제가든,백제가든,"닭볶음탕,백숙등 맛집. 각종모임에 인기있는 식당"
전라북도,익산,한식,아귀찜,별미 아구,별미 아구,지역내 오래된 아구찜 식당으로 꾸준한 단골손님을 유지하는 맛집
전라북도,익산,한식,부대찌개,배불뚝집,배불뚝집,부대찌게 하면 이식당만 찾아감.
전라북도,익산,한식,갈비탕,가람 ,가람 ,양념갈비 와 갈비탕이 맛있는집
전라북도,익산,한식,국수,부송국수,부송국수(부송점),"간단한 국수, 입맛없을때, 지역내에서 가장 인심좋고 맛좋은 국수집"
전라북도,익산,한식,한정식(마),본향,본향,지역 농산물인 '마'음식점. 코스별 마정식을 맛보세요.
전라북도,익산,한식,보신탕,보신명가,보신명가,여름에 몸보신하러 자주 찾는 보신탕집
전라북도,익산,한식,칼국수,남촌 칼국수,남촌 칼국수,바지락 칼국수로 익산의 맛집중에 맛집. 국물이 끝내줘요
전라북도,익산,한식,아귀찜/낙지볶음,화산돌판아귀찜,화산돌판아귀찜,지역내 오래된 아구찜 식당으로 꾸준한 단골손님을 유지하는 맛집
전라북도,익산,한식,홍어탕,서해홍탁,서해홍탁,"홍어탕,홍어등등 홍어를 못먹는 사람도 맛있게 즐기는 홍탕. 원츄"
전라북도,익산,한식,삼겹살,하남 돼지집,하남 돼지집,모든 삼겹살이 맛있지만. 여기좀더 맛있음^^
전라북도,익산,한식,회 & 매운탕(동해안 사시미 정식),동해안,동해안,"탕정식(우럭탕,알탕 등등) 기본 15찬이상 되는 반찬과 얼큰하고 담백한 탕맛이 일품"
전라북도,익산,한식,꼬기+냉면,청량리 꼬기냉면,청량리 꼬기냉면,꼬기+냉면 여러분이 알고있는 그 맛입니다.
전라북도,익산,한식,소머리 국밥,대야식당,대야식당,"소머리국밥! 속풀이,입맛없때 꼭 찾아가서 드세요 (익산 남부시장 내)"
전라북도,익산,한식,오리한방백숙&주물럭,토담속으로,토담속으로,한방오리백숙. 깔끔하고 여러 한약재로 국물을내어 몸보신에 좋은
전라북도,익산,한식,제육볶음&김치찌개 백반,따봉식당,따봉식당,"김치찌개,제육볶음 백반, (점심한끼 백반한끼 하기 좋음)"
전라북도,익산,한식,민물고기 매운탕(빠가/매기),물머리집,물머리집,"민물 매운탕 맛집, 메기탕,빠가사리등. 예약하고 가야 먹을수있음."
전라북도,익산,한식,순두부백반,미륵산순두부,미륵산순두부,익산 금마 미륵산앞 순두부식당중 가장 괜찮은집
전라북도,익산,한식,추어탕,한씨네 추어탕,한씨네 추어탕,명불허전 추어탕 맛집
전라북도,익산,한식,내장탕/선짓국,공원식당,공원식당,"내장탕,선짓국 등 아저씨들의 맛집^^"
전라북도,익산시,한식,수제비,옛날 손 수제비,옛날손수제비,수제비를 직접 반죽해서 넣기 때문에 쫄깃한 식감과 맑은 국물에 고추와 감자 등의 야채로 시원한 맛
전라북도,전주,중식,볶음밥,유성원,전주 유성원,정통 볶음밥으로 짜장소스없이 먹을수 있는 예날식 볶음밥
전라북도,전주,중식,탕수육,만금당,전주 중화산동 만금당,촉촉한 육질과 달콤한 소스 맛이 일품인  탕수육
전라북도,전주,퓨전식당,불쭈꾸미,달테이블,전주 달테이블 불쭈꾸미,불맛이 살아 있으며 부드러운 쭈꾸미가 일품인 집
전라북도,전주,한식,김치찜,또순이네,전주 또순이네,얼큰한 김치찜 맛이 좋아 현지인들이 찾는 맛집
전라북도,전주시,한식 및 술안주,연탄구이 돼지고기 와 김밥,진미집,전주에 콩국수 가게이름도 진미집이니 네이버에 전주 중앙시장 진미집이라고 쳐야함,연탄구이 돼지고기와 김밥을 시켜서 상추에 꼬마김밥을 얹고 편마늘 한개와 쌈장을 넣어서 먹으면 그 맛이 정말 술을 부르는 맛입니다 게다가 겨울에 가면 뜨끈한 잔치국수도 같이 먹으면 금상첨화!!저만 알고 싶은 맛집이지만 이렇게 공유하면 좋을 듯 하여 남깁니다. 꼭!!!김밥과 고기와 상추에 싸먹어야 합니다!!!^^
제주도,제주시,일식,회,삼미횟집,제주삼미횟집,삼미스페셜 강추(스끼다시 계속 나옴: 4인기준) 한끼정도는 굶고 가야 함/제주공항인근
제주도,제주시,한식,치킨,남문숯불바베큐,남문숯불바베큐,치킨에 감자도 튀겨나오는데 옛날통닭으로 맛있음
제주도,제주시,한식,순두부,해바라기식당,제주 해바라기식당,얼큰한 순두부가 일품임
제주도,서귀포시,중식,짬뽕,소낭식당,제주 소낭식당,"속풀이 최고. 짜장면도 강추. 배달안되며, 브레이크 타임 有."
제주도,서귀포시,한식,오리,남원생오리,제주 남원생오리,가성비 좋은 제주산 오리구이. 주물럭 및 오겹살 또한 추천
제주도,서귀포시,한식,김치복국,대도식당,서귀포 대도식당,가성비 좋고 해장에 좋은 식당. 메밀복국도 추천.
제주도,서귀포시,한식,삼겹살,웅담식당,제주 웅담식당,로컬들이 즐겨찾는 솥뚜껑구이. 아랑조을거리에 위치.
제주도,서귀포시,양식,짬뽕,함셰프키친,제주 함셰프키친,호텔 출신 셰프가 만드는 파스타 돈까스와 인생짬봉이라 불리는 짬봉맛집
제주도,서귀포시,일식,모둠회,사시미블루스,사시미블루스,싱싱한 활어회를 저렴한 가격에 만날수 있는 곳
제주도,서귀포시,일식,자연산 횟감,친구네횟집,서귀포 친구네횟집,매일 우도에서 직접 공수하여 자연산 활어만을 사용하여 매일 메뉴가 다르고 제주토박이 사장님이 제주 지역식 조리를 하여 음식을 제공하는 맛집
제주도,서귀포시,한식,고기국수,가시아방국수,가시아방국수,제주음식 고기국수와 둠베고기를 맛볼수있는 집
제주도,서귀포시,한식,백숙,강정천 진소계절 음식점,강정천 진소,바삭한 은어튀김과 국물이 진국인 백숙과 근처 시원한 냇가가 있는 맛집
제주도,서귀포시,한식,복국,김치복국,서귀포 대도식당,일반복국의 시원함과는 다른 특색있는 로컬맛집
제주도,서귀포시,한식,흑돼지 소금구이,꽃돼지 연탄구이,대포 꽃돼지,신선한 제주산 흑돼지를 연탄구이로 만날수 있는 곳
제주도,서귀포시,한식,갈치국,네거리식당,제주 네거리식당,시원한 갈치국 리뷰가 어마어마한 집
제주도,서귀포시,한식,자리물회,대정 쌍둥이 식당, 모슬포 쌍둥이 식당,제주식 된장 물회와 다양한 메뉴 관광객들도 인정한 곳
제주도,서귀포시,한식,갈치조림,덕승식당,모슬포 덕승식당,매일 덕승호에서 조업한 생선류로 먹을 수 있는 맛집 / 칼칼한 갈치조림과 시원한 한치물회가 맛있는 집
제주도,서귀포시,한식,복지리,몰질식당,강정 몰질식당,복지리와 고기짬봉이라는 특이한 조합 축구선수 이근호의 추천맛집
제주도,서귀포시,한식,옥돔구이,삼보식당,제주 삼보식당,옥돔구이와 전복뚝배기가 유명한 수요미식회 tv출현 맛집
제주도,서귀포시,한식,통갈치조림,삼원정,삼원정식당,당일 생물 통갈치만을 취급하며 통째먹는 조림의 맛이 일품임
제주도,서귀포시,한식,백숙,속골,제주 속골,바다가 보이는 계곡에서 백숙과 풍경을 한번에 즐길수있는곳
제주도,서귀포시,한식,밀냉면,영해식당,제주 영해식당,모슬포 현지분들이 제주 밀면으로 유명한 산방식당보다 맛있다 추천하는 맛집
제주도,서귀포시,한식,"고기정식,조림",춘미향식당,제주 춘미향식당,저렴한가격에 다양한 밑반찬을 맛볼수 있는집
제주도,서귀포시,한식,한치물회,해녀의집식당,표선 해녀의집식당,"한치물회,자리물회 맛집"
제주도,서귀포시,한식,아귀스페샬,호림식당,호림식당,겨울철 별미인 생물아귀를 코스별로 맛볼수 있는 맛집
제주도,서귀포시,백반,어멍정식,어멍구이,어멍구이,솔직히 정말 저 혼자 알고싶은 맛집입니다. 아침일찍 산에 가거나 아침밥 먹을 곳을 찾는데 으리하고 멋진 건물은 아니지만 진정한 숨은 맛집입니다. 저는 부부단위가 좋을듯 하고 가족단위로 와도 아이들 반찬으로 손색이 없습니다. 단지 자리가 불편할까바 걱정되는 것 뿐..
제주도,제주시,한식,"성게미역국
해물뚝배기",태공식당,제주태공식당,저렴한 가격에  맛 또한 좋음/현지인 자주 찾음(애월 아침밥 먹을 곳이 별로 없음)
제주도,제주시,퓨전,"성게라면
소라죽",연이네,우도연이네,"라면 스프가 아닌 해물로 우려낸 육수로 끓인 성게라면과
30년 우도 해녀의 비법이 담긴 소라죽 강추"
제주도,제주시,한식,매운아강발,성배네 아강발,성배네 아강발,직화로 구운 매운아강발
제주도,제주시,한식,갈치조림,e조은식당,제주e조은식당,"갈치조림,구이,정식등 제주갈치 음식으로만 되어있는 전문점."
제주도,제주시,한식,고등어회,그리운바다횟집,제주 그리운바다횟집,바로 먹을수 밖에 없는 고등어회가 일품임.
제주도,제주시,한식,숯불닭갈비,봄날의춘천,봄날의춘천,숯불에 구어먹는 닭갈비가 별미임.사장이 춘천에서 와서 운영함. 
제주도,제주시,한식,삼겹살,칠돈가,칠돈가,"근고기판매,특유의 젖갈에 찍어먹을수 있음."
제주도,제주시,이탈리안 레스토랑,"랍스터, 킹크랩, 파스타",까재가게219,까재가게219,제주도 최고의 이탈리안 레스토랑
제주도,제주시,일식,"초밥,돈까스,물회",대해수,대해수,"가성비좋은 세트메뉴, 숨겨진 고수의 식당?"
제주도,제주시,중식,갈비짬뽕,짬뽕에 취한날,짬뽕에 취한날,큼직한 갈비가 들어간 짬뽕 유명 맛집
제주도,제주시,한식,회국수,곰막,곰막,"성게국수,제철회국수 추천"
제주도,제주시,한식,"조림,우럭매운탕",덕승식당,제주 덕승식당,"제주도 모슬포항 조림 맛집,우럭매운탕도 추천"
제주도,제주시,한식,객주리 조림,두루두루식당,제주 두루두루식당,"백종원 , 식신로드 등에 출연한 객주리(쥐치)조림 맛집"
제주도,제주시,한식,"자투리고기,김치전골",명리동식당,명리동식당,"연탄 자투리고기,김치전골이 맛있는 집"
제주도,제주시,한식,쥐치조림,명물식당,명물식당,"쥐치조림, 갈치구이/각종 회 등을 한자리에서 맛볼수 있음."
제주도,제주시,한식,해장국,"미풍 , 은희네 , 대춘",제주 3대 해장국,3대 해장국  명성에 걸맞은 시원한 국물로 전날의 숙취를 싹~
제주도,제주시,한식,육개장,선우,제주 선우,제주식 육개장과 성게 미역국 맛집
제주도,제주시,한식,복어회,섬뜰,제주 섬뜰,제주도민 복어요리 전문맛집
제주도,제주시,한식,"가브리살,멜조림",솔지식당,제주 솔지식당,현지인들이 찾는 멜도새기집
제주도,제주시,한식,동태찌게,슬기식당,제주 슬기식당,제주 현지인들이 많이 찾는 동태찌게집
제주도,제주시,한식,낙지볶음,시골길,제주 시골길,"제주도민이 추천하는 낙지볶음 맛집,덤으로 나오는 청국장도 일품"
제주도,제주시,한식,"몸국,돔베고기",신설오름,신설오름,제주대표음식 몸국 맛집
제주도,제주시,한식,"방어회,한치물회,조림",신토불이수산,제주 신토불이수산,현지인뿐만아니라 관광객들도 많이 찾는 횟집으로 특방어가 유명함
제주도,제주시,한식,흑돼지,어사촌도야지,어사촌도야지,바로 옆에 위치한 축산물공판장고기를 사용하는 도민추천 맛집
제주도,제주시,한식,동태찌게,오일등식당,제주 오일등식당,제주도민들만의 동태찌게 맛집
제주도,제주시,한식,고사리육개장,우진해장국,제주 우진해장국,걸쭉한 고사리해장국 일품
제주도,제주시,한식,"오겹살,가브리살",이서림,제주이서림,열무국수랑 같이 먹으면 별미
제주도,제주시,한식,순대국밥,이순애 순대국밥,이순애 순대국밥,"양푼이 비빔밥 일품, 순대국밥 보다 된장 뚝배기 가 일품"
제주도,제주시,한식,고기국수,자매국수,자매국수,"제주에서 제일 유명한 고기국수,비빔국수 "
제주도,제주시,한식,한식 뷔페,자매정식,자매정식,한식뷔페로 가성비가 좋아 가족단위 식사에 안성맞춤
제주도,제주시,한식,장대국,정성듬뿍제주국,정성듬뿍제주국,장대(양태)와 각재기(전갱이)국과 맬(멸치)튀김이 유명한 제주음식 맛집
제주도,제주시,한식,김밥,제주 김만복,제주 김만복,전복 내장으로 양념한 밥과 계란 지단으로 만든 김밥 맛집
제주도,제주시,한식,말고기,제주 오라성,제주 오라성,제주 말고기 맛집
제주도,제주시,한식,국밥,제주24시 전주콩나물국밥,제주24시 전주콩나물국밥,혼밥하기 편하며 술 먹고 난 다음날 해장에도 딱!
제주도,제주시,한식,"고기국수,돔베고기",한면가,한면가,"제주전통 고기국수,비빔국수 맛집"
제주도,제주시,한식,순두부찌게,해바라기분식,제주 해바라기분식,저렴하고 맛있는 현지인추천 맛집
제주도,제주시,한식,동태찌게,해봉이네,제주 해봉이네,"칼칼하고 푸짐한 동태탕,내장탕 맛집"
제주도,제주시,한식,접짝뼈국,화성식당,화성식당,진득하고 걸죽한 돼지뼈를 푹 딸린 진한 국물맛이 일품인 접짝뼈국 맛집임
제주도,서귀포시,한식,돼지고기,가스름식당,서귀포 가스름식당,생고기 구이 맛집. 몸국이 서비스로 나오며 반주하기 좋음.
충청남도,보령시,양식,스테이크,가와,없음(청라면 옥계리 830-4),"맛도 일품 양도 일품, 모르면 절대 알수도 없고 갈수도 없는 지역주민만의 맛집"
충청남도,보령시,중식,짬뽕,황해원,보령 황해원,옛날짬뽕 맛을 제대로 느낄 수 있는 성주짬뽕
충청남도,보령시,한식,매운칼국수,남포집,보령 남포집,칼칼한 매운칼국수가 일품
충청남도,보령시,한식,곤드레비빔밥,민들레보리밥,민들레보리밥,"깔끔한 한정식, 저렴하고 푸짐한 반찬이 특징"
충청남도,보령시,한식,생선구이,민형식당,보령 민형식당,"생선구이집, 지역주민이 자주가는 식당이라 값이 저렴하고 맛이좋음"
충청남도,보령시,한식,"간재미무침,아나고탕",바닷가탕집,없음(보령 해안로 417),"제대로 된 해산물을 드시고 싶다면 여기, 간재미 무침만 드셔도 탕이 나옵니다."
충청남도,보령시,한식,"닭,쌈밥",석화촌가든,석화촌가든,20년전통 보령맛집 각종매체보도
충청남도,보령시,한식,"낙지철판볶음,꼼장어",신평화식당,보령 신평화식당,"꼼장어와 낙지가 일품, 철판볶음으로 술안주에도 제격"
충청남도,서산시,한식,막국수,봉평장터,서산 봉평장터,국내산 메밀 비빔국수와 물막국수를 한번에 먹을 수 있는 맛집 
충청남도,서산시,한식,돌솥밥정식,재래식 가든,서산 재래식 가든,곤드레나물 돌솥밥과 반찬 하나하나 맛있는 집
충청남도,서산시,한식,삼겹살,저팔계,서산 저팔계,기존 삼겹살과 다르게 껍질삼겹살을 구워먹는 맛집 
충청남도,서산시,한식,어죽,풍전뚝집,풍전뚝집,얼큰하게 담백하게 해장하며 술 부르는 어죽 맛집
충청남도,세종시,한식,김치전골,갈비백반,갈비백반,푸~~욱삶은 묵은지의 맛이 일품임 
충청남도,세종시,한식,추어탕,곤드레말 추어탕,곤드레말 추어탕,걸쭉한 국물에 깔끔한 맛
충청남도,세종시,한식,매운탕,도가네 메기 매운탕,도가네 메기 매운탕,비린네가 없으며 감칠맛 나는 매운탕
충청남도,세종시,한식,한정식,뒤웅박 고을,뒤웅박 고을,맛깔나고 깔끔한 한정식집
충청남도,세종시,한식,어죽,모미가 어죽,모미가 어죽,현지인들인의 맛집 베스트
충청남도,세종시,한식,오리구이,석곡 오리촌,석곡 오리촌,담백한 오리로스가 몸까지 보양됨
충청남도,세종시,한식,장어,어씨네 본가 장어,어씨네 본가 장어,"가격은 조끔비싸지만 (4인기준 186,000원) 보양의 끝판왕"
충청남도,세종시,한식,칼국수,전통궁중칼국수,전통궁중칼국수,칼칼한 맛으로 김치까지 맛있는 집
충청남도,아산시,중식,짬뽕,불티나 꼬막짬뽕,아산 꼬막짬뽕,"꼬막이 한무데기 들어가있는 짬뽕, 점심시간 방문시 대기시간 30분"
충청남도,아산시,중식,자장면,성실 반점,아산 성실 반점,"옛날 스타일의 짜장면 맛집 점심시간 대기 20분 이상 .
가게가 작아 재료 떯어지면 일찍 마침. 대표 메뉴: 짜장면/볶음밥"
충청남도,아산시,중식 ,탕수육,목화반점,아산 탕수육/목화반점,옛날식 탕수육으로 튀김옷이 두툼함. 대기시간 30분 이상.
충청남도,아산시,한식,순대국,감꽃 마을 토종순대,아산 순대국,현지인이 많이 찾는 순대국밥집 20년 이상 되서 유명한집.
충청남도,아산시,한식,육개장,경동식당,아산 경동식당,정육식당이라 육대장국물이 찐하고 건더기가 엄청남. 현지인이 많이가는집.
충청남도,아산시,한식,육회,광시 연탄 갈비,아산 광시 연탄갈비,"사장님이 가족이 직접 도축 하여 육회가 신선함.
일요일은 도축이 없어 육화가 안됨. 추천: 삼겹살,갈비,육회"
충청남도,아산시,한식,백반,대웅식당,아산 대웅식당,"7,000원에 15찬 나오는 백반집 현지인 자주가는 맛집."
충청남도,아산시,한식,육개장,류가본가 본점,아산 류가본가,20년 가량 정통이 있는 육개장 맛집. 
충청남도,아산시,한식,비빔국수,망향 국수,아산 망향 국수,현지인이 여름에 많이 찾는 비빔 국수 맛집.
충청남도,아산시,한식,들깨수제비,모산 수제비,아산 모산 수제비,"들깨 수제비 맛집, 현지인이 많이 찾음."
충청남도,아산시,한식,초계국수,미사리밀빛 초계국수,아산 초계국수,현지인이 여름에 많이 찾는 초계국수 맛집 대기시간 10~15분
충청남도,아산시,한식,쭈꾸미,북한강 쭈꾸미,아산 북한강 쭈꾸미,"불맛이 작살 나는 쭈꾸미 점심 대기 시간 30~40분 예상.
추천 : 새우튀김도 함께 드시길 추천함."
충청남도,아산시,한식,옻닭,산골가든,아산 옻닭/산골가든,"아산에서 유명한 옻닭 전문집, 현지인 맛집"
충청남도,아산시,한식,밀면,신정식당,아산 신정식당,"70년된 밀면집, 닭으로 육수를 우려 육수가 특이함. 대기시간 20분"
충청남도,아산시,한식,추어탕,옴팡집 추어탕,옴팡집 추어탕,현지인만 아는 추어탕맛집 파김치가 맛있는 맛집.
충청남도,아산시,한식,쌈밥,청암 진지상 ,아산 청암진지상,고기쌈밥/우렁쌈밥이 맛있는집 현지인이 자주 찾는 맛집
충청남도,아산시,한식,칼국수,청와 삼대 칼국수,청와삼대 칼국수,YS 대통령 시절 청와대있던 주방장이 하시는집.
충청남도,아산시,한식,칼국수,향촌칼국수,강릉 고분옥할머니,여름 별미 콩국수 / 칼국수 원조
충청남도,아산시,한식 ,곰탕,고려옥,아산 고려옥,곰탕 전문점 현지인이 뽑은 아산 토속 식품 1위 맛집
충청남도,아산시,육류,오겹살,미경식당,아산 미경식당,초별된 흑돼지 참숯 오겹살
충청남도,아산시,짬뽕,꼬막짬뽕,불티나꼬막짬뽕,아산 꼬막짬뽕,꼬막짬뽕 맛이 예술
충청남도,천안시,닭요리,오리닭백숙,동원정,동원정,누룽지와 닭백숙의 환상의 조합과 양
충청남도,천안시,일식,복어요리,명장 복집,천안 명장복집,천안 복어요리 코스 추천
충청남도,천안시,일식,참치,참치풍경,천안 참치풍경,참치 전문점
충청남도,천안시,중식,짬뽕,난향,난향,"짬뽕의 시원한 국물과,사장님의 넉넉한 인심"
충청남도,천안시,중식,짬뽕,메이탄,메이탄,호텔주방장이 직접만드는 맛집(breaktime있음)
충청남도,천안시,중식,짬뽕,짬뽕지존,천안짬뽕지존,천안 대표 짬뽕집
충청남도,천안시,한식,백숙,갈재산장,갈재산장,"계곡에 위치하여 물놀이도 가능하며 능이백숙이 맛,건강도 책임짐."
충청남도,천안시,한식,양념갈비,덩더궁,덩더궁,저렴한 가격에 현지인 및 타지인들의 찾는맛집
충청남도,천안시,한식,생선구이,맛소리,천안시맛소리,"생선조림,구이 전문점"
충청남도,천안시,한식,김치찌개,수레터 김치찌개,천안시 수레터 김치찌개,김치찌개가 생각나는 원조맛집
충청남도,천안시,한식,곱창,원조곱창,원조곱창,"구이,전골 두가지 다 냄새가 안나며 맛있음."
충청남도,천안시,한식,갈비탕,이정민갈비탕,이정민갈비탕,"맛에 반하고 양에 반하며,싱싱한 재료만 사용"
충청남도,천안시,한식,낚지볶음,팔팔문어낙지볶음,천안 낙지볶음,"문어,낙지볶음이 맛있으며 기본으로 제공되는 청국장도 맛있음."
충청남도,천안시,한식,어죽,호수매운탕,천안 호수매운탕,TV생방송 투데이 방영 및 천안 직장인들이 자주 찾는 맛집
충청남도,천안시,한정식,숯불갈비,경복궁,경복궁,"맛과 분위기, 고급스러움! 신선함"
충청남도,천안시,만두,만두전골,이고집만두,이고집만두,맛 최고! 분위기최고!
충청남도,천안시,일식,참치회,꽃비,천안 두정동 참치/천안 참치,맛과 즐거움이 함께 공존하는곳으로 천안 사람들에게는 인기가 있는곳입니다.
충청남도,천안시,치킨,후라이드치킨,불티나통닭,천안 3대 치킨,깨끗한 기름을 튀겨서 더욱 바삭한 치킨
충청남도,천안시,한식,곱창,광시한우곱창,"화사 곱창,곱창",요즘 핫한 곱창구이/ 먹고나면 또 다시 찾게 되는 곳
충청남도,천안시,한식,능이 누릉지백숙,본가장수촌,천안 본가장수촌/천안 누릉지백숙,누릉지백숙 맛집
충청남도,천안시,한식,숯불갈비(국물갈비),석산정,천안 석산장,"37년 전통 맛집, 여러맛집 포털 소개(백종원 3대천왕 외)"
충청남도,천안시,한식,어죽,호수매운탕,천안 어죽맛집,천안 어죽맛집(365일 줄서서 먹는집)
충청남도 ,아산시,한식,청국장,꽁당보리밥,아산 꽁당보리밥,깊은 청국장 맛과 한정식의 차림상(가격이 너무 착해요)
충청북도,제천,분식,빨간오뎅,제천빨간오뎅,제천빨간오뎅,저렴하면서 호불호가 없는 남녀노소 누구나 좋아하는 맛집
충청북도,제천,한식,굴보쌈,공갈박,공갈박식당,보쌈/굴 양이 많은 합리적인 가격의 식당
충청북도,제천,한식,삼겹살,늘솔길,늘솔길,최상의 삼겹살과 어마무시한 반찬들을 맛볼수 있는 집
충청북도,제천,한식,한정식,바우본가,바우본가,"약초를 이용한 몸에 좋고 맛도 좋은 한정식집
(사장님이 요리에 사용한 약재에 대해 설명해주심)"
충청북도,제천,한식,"산초두부
순두부",시골손두부,시골손두부,시골 할머니집 같은 정겨운 풍경에서 매일 직접만든 두부요리를 맛볼수 있는 집
충청북도,제천,한식,야채마늘통닭,오성통닭,오성통닭 본점,프랜차이즈와는 차별화 된 특성있는 치킨
충청북도,제천시,한식,"두부전골,산초두부",시골순두부,제천 시골순두부,"산초 기름으로 직접만든 두부를 구워 색다른 맛을 느낄 수 있으며, 두부 전골은 시원하고 칼칼한 맛으로 지역민으로 부터 많은 사랑을 받음."
충청북도,청주,중식,찹쌀탕수육,청풍루,청풍루,"옛날짜장면과 바삭하고 쫀득한 탕수육이 맛있으며 점심,저녁 자리가 없어서 못먹는집 (브레이크타임 있음)"
충청북도,청주,한식,버섯찌개,경주집버섯찌개,경주집 버섯찌개,화고버섯과 쇠고기들어 가있으며 청주에서 미식가들만 가는집
충청북도,청주,한식,칼국수,봉달이해물칼국수,봉달이 해물칼국수,해물칼국수와 직접 만든 만두가 맛있으며 평일 점심시간에 줄서서먹음
충청북도,청주,한식,부대찌개,이가네 부대찌개,이가네 부대찌개,"다른 부대찌집과 달리 국물이 깔끔하며 어른,아이 모두 부담없이 먹을수 있는 메뉴"
충청북도,청주,한식,쭈꾸미,풍차쭈꾸미,풍차쭈꾸미,매꼼한 쭈꾸미와 그외 반찬이 푸짐하게 나오며 식사 후 미니카페에서 공짜로 제공 되는 아메리카노 한잔
충청북도,청주,한식,쌀밥,흙에서명품쌀밥집,흙에서명품쌀밥집,저렴한 가격화 깔끔한 상차림 가족끼리 푸짐한 한식먹기에 좋은집 (브레이크타임 있음)
충청북도,충주,중식,차돌박이 짬뽕,충주 신 양자강,충주 신 양자강,매콤하면서도 시원하여 충주 시민에게 가장 많이 사랑 받는 중식집
충청북도,충주,한식,순대국밥,2호식당,충주 중앙시장 2호식당,시래시 순대국밥으로 전국 어디에서도 맛 볼 수 없는 구수한 시래기 순대국밥
충청북도,충주,한식,메밀 새싹 막국수,원조 중앙탑 막국수,원조 중앙탑 막국수,"한반도의 중심을 상징하는 중앙탑
중앙탑을 방문하신분들이 꼭 방문하신다는  시원한 막국수 맛집"
충청북도,충주시,한식,"송어 비빔회,쏘가리매운탕",금릉가든,금릉가든,충청북도의 지역특성상 민물생선요리가 유명하고 맛도 일품
충청북도,충주시,한식,꿩샤브샤브,대장군식당,대장군식당,충주시 수안보 지역 특색 맛집으로 일반음식이 아닌 꿩요리 전문점
충청북도,충주시,한식,메밀 새싹 막국수,원조 중앙탑 막국수,원조 중앙탑 막국수,후라이드 통닭과 함께 먹는 색 다른 막국수. 새싹의 아삭함과 메밀 막국수의 면이 맛있습니다.
충청북도,충주시,한식,자연산버섯전골,흥부와놀부네,흥부와놀부네,직접 캔 자연산 버섯 10가지로 만든 특별한 건강식